exp_id,Temp (C),Press (bar),Solvent,Time (hrs),conversion (%),ee (%),Comp._1,Comp._2,Comp._3,Comp._4,Comp._5,Mol. wt._1,Mol. wt._2,Mol. wt._3,Mol. wt._4,Mol. wt._5,mols_1 (mmol),mols_2 (mmol),mols_3 (mmol),mols_4 (mmol),mols_5 (mmol),Eq. wt._1,Eq. wt._2,Eq. wt._3,Eq. wt._4,Eq. wt._5,Wt. taken_1,Wt. taken_2,Wt. taken_3,Wt. taken_4,Wt. taken_5
KK-032,25.0,30.0,THF,12.0,0.0,0.0,Dehydrositagliptin (1) ,Rh(COD)2BF4 ,HL ,Triethyl amine ,--,405.3,406.07,592.57,101.19,,0.125,0.0025,0.005,0.02,,50.0,1.0,2.0,8.0,,50 mg ,1 mg ,2.96 mg ,2 mg ,--
KK-036,25.0,30.0,THF,6.0,0.0,0.0,Dehydrositagliptin (1) ,Rh(COD)2BF4 ,HL ,--,--,405.3,406.07,592.57,,,0.125,0.0025,0.005,,,50.0,1.0,2.0,,,50 mg ,1 mg ,2.96 mg ,--,--
KK-038,25.0,30.0,THF,6.0,0.0,0.0,Dehydrositagliptin (1) ,Rh(COD)2BF4 ,HL ,Triethyl amine ,--,405.3,406.07,592.57,101.19,,0.125,0.0025,0.005,0.02,,50.0,1.0,2.0,8.0,,50 mg ,1 mg ,2.96 mg ,2 mg ,--
KK-040,50.0,20.0,Methanol,17.0,0.0,0.0,Dehydrositagliptin (1) ,Rh(COD)2OTf ,tBu-Josiphos ,Ammonium chloride ,--,405.3,468.3,542.45,53.49,,1.42,0.0021,0.0022,0.0021,,1.0,0.0015,0.0015500000000000002,0.0015,,576 mg ,1 mg ,1.2 mg ,0.1 mg ,--
KK-046,50.0,20.0,Methanol,17.0,20.0,94.5,Dehydrositagliptin (1) ,Rh(COD)2OTf ,tBu-Josiphos ,Ammonium chloride ,--,405.3,468.3,542.45,53.49,,0.2135,0.0021,0.0022,0.0021,,100.0,1.0,1.05,1.0,,86 mg ,1 mg ,1.2 mg ,0.1 mg ,--
KK-047,50.0,20.0,Methanol,17.0,99.0,96.0,Dehydrositagliptin (1) ,Rh(COD)2OTf ,tBu-Josiphos ,Ammonium chloride ,--,405.3,468.3,542.45,53.49,,0.1386,0.0021,0.0022,0.0021,,66.0,1.0,1.05,1.0,,56.17 mg ,1 mg ,1.19 mg ,0.1 mg ,--
KK-051,50.0,20.0,Methanol,18.0,10.0,99.0,Dehydrositagliptin (1) ,Rh(COD)2OTf ,tBu-Josiphos ,Ammonium chloride ,--,405.3,468.3,542.45,53.49,,1.42,0.0021,0.0022,0.0021,,1.0,0.0015,0.0015500000000000002,0.0015,,576 mg ,1 mg ,1.2 mg ,0.1 mg ,--
KK-054,50.0,20.0,Methanol,18.0,,,Dehydrositagliptin (1) ,Rh(COD)2OTf ,tBu-Josiphos ,Ammonium chloride ,--,405.3,468.3,542.45,53.49,,1.42,0.0021,0.0022,0.0021,,1.0,0.0015,0.0015500000000000002,0.0015,,576 mg ,1 mg ,1.2 mg ,0.1 mg ,--
KK-057,50.0,20.0,THF,17.0,0.0,0.0,Dehydrositagliptin (1) ,Rh(COD)2OTf ,tBu-Josiphos ,Ammonium chloride ,--,405.3,468.3,542.45,53.49,,1.42,0.0021,0.0022,0.0021,,1.0,0.0015,0.0015500000000000002,0.0015,,576 mg ,1 mg ,1.2 mg ,0.1 mg ,--
KK-059,50.0,20.0,methanol,17.0,0.0,0.0,Dehydrositagliptin (1) ,Rh(COD)2OTf ,L4 ,Ammonium chloride ,--,405.3,468.3,306.36,53.49,,0.2135,0.0021,0.0022,0.0021,,100.0,1.0,1.05,1.0,,86 mg ,1 mg ,0.7 mg ,0.1 mg ,--
KK-060,50.0,20.0,methanol,17.0,20.0,85.0,Dehydrositagliptin (1) ,Rh(COD)2OTf ,L3 ,Ammonium chloride ,--,405.3,468.3,414.29,53.49,,0.2135,0.0021,0.0022,0.0021,,100.0,1.0,1.05,1.0,,86 mg ,1 mg ,0.9 mg ,0.1 mg ,--
KK-061,50.0,20.0,methanol,17.0,0.0,0.0,Dehydrositagliptin (1) ,Rh(COD)2OTf ,L1 ,Ammonium chloride ,--,405.3,468.3,496.53,53.49,,0.2135,0.0021,0.0022,0.0021,,100.0,1.0,1.05,1.0,,86 mg ,1 mg ,1.1 mg ,0.1 mg ,--
KK-062,50.0,20.0,methanol,17.0,0.0,0.0,Dehydrositagliptin (1) ,Rh(COD)2OTf ,L3 ,Ammonium chloride ,--,405.3,468.3,414.29,53.49,,0.2135,0.0021,0.0022,0.0021,,100.0,1.0,1.05,1.0,,86 mg ,1 mg ,0.9 mg ,0.1 mg ,--
KK-069,90.0,20.0,methanol,17.0,90.0,87.0,Dehydrositagliptin (1) ,Rh(COD)2OTf ,L3 ,Ammonium chloride ,--,405.3,468.3,414.29,53.49,,0.2135,0.0021,0.0022,0.0021,,100.0,1.0,1.05,1.0,,86 mg ,1 mg ,0.9 mg ,0.1 mg ,--
KK-070,90.0,20.0,methanol,17.0,75.0,85.0,Dehydrositagliptin (1) ,Rh(COD)2OTf ,L3 ,Ammonium chloride ,--,405.3,468.3,414.29,53.49,,0.2135,0.0021,0.0022,0.0021,,100.0,1.0,1.05,1.0,,86 mg ,1 mg ,0.9 mg ,0.1 mg ,--
KK-071,80.0,20.0,THF,17.0,0.0,0.0,Dehydrositagliptin (1) ,Rh(COD)2OTf ,HL ,Ammonium chloride ,--,405.3,468.3,592.57,53.49,,0.0002135,2.1e-06,2.2e-06,2.1e-06,,100.0,1.0,1.05,1.0,,86 mg ,1 mg ,1.3 mg ,0.1 mg ,--
KK-073,80.0,20.0,THF,17.0,0.0,0.0,Dehydrositagliptin (1) ,Rh(COD)2BF4 ,HL ,Ammonium chloride ,--,405.3,405.07,592.57,53.49,,0.00024,2.4e-06,2.6e-06,2.4e-06,,100.0,1.0,1.05,1.0,,97 mg ,1 mg ,1.5 mg ,0.1 mg ,--
KK-074,80.0,20.0,THF,17.0,0.0,0.0,Dehydrositagliptin (1) ,Rh(COD)2BF4 ,HL ,Ammonium chloride ,--,405.3,405.07,592.57,53.49,,0.00024,2.4e-06,2.6e-06,2.4e-06,,100.0,1.0,1.05,1.0,,97 mg ,1 mg ,1.5 mg ,0.1 mg ,--
KK-079,90.0,20.0,methanol,17.0,95.0,80.0,Dehydrositagliptin (1) ,Rh(COD)2OTf ,L3 ,--,--,405.3,468.3,414.29,,,0.2135,0.0021,0.0022,,,100.0,1.0,1.05,,,86 mg ,1 mg ,0.9 mg ,--,--
KK-080,90.0,20.0,methanol,17.0,95.0,66.0,Dehydrositagliptin (1) ,Rh(COD)2BF4 ,L3 ,--,--,405.3,405.07,414.29,,,0.2135,0.0021,0.0022,,,100.0,1.0,1.05,,,99 mg ,1.1 mg ,1 mg ,--,--
KK-081,90.0,20.0,methanol,17.0,95.0,68.0,Dehydrositagliptin (1) ,Rh(COD)2BF4 ,L3 ,Ammonium chloride ,--,405.3,468.3,414.29,53.49,,0.2135,0.0021,0.0022,0.0021,,100.0,1.0,1.05,1.0,,99  mg ,1 mg ,1.1 mg ,0.1 mg ,--
KK-082,90.0,20.0,Methanol,17.0,0.0,0.0,Dehydrositagliptin (1) ,Rh(COD)2OTf ,tBu-Josiphos ,--,--,405.3,468.3,542.45,,,0.213,0.00213,0.0022400000000000002,,,100.0,1.0,1.05,,,86 mg ,1 mg ,1.2 mg ,--,--
KK-095,60.0,20.0,DCM,17.0,0.0,0.0,Dehydrositagliptin (1) ,Rh(COD)2OTf ,HL ,Ammonium chloride ,--,405.3,468.3,592.57,53.49,,0.0002135,2.1e-06,2.2e-06,2.1e-06,,100.0,1.0,1.05,1.0,,86 mg ,1 mg ,1.3 mg ,0.1 mg ,--
KK-096,60.0,20.0,"1,4-dioxane",17.0,0.0,0.0,Dehydrositagliptin (1) ,Rh(COD)2OTf ,HL ,Ammonium chloride ,--,405.3,468.3,592.57,53.49,,0.0002135,2.1e-06,2.2e-06,2.1e-06,,100.0,1.0,1.05,1.0,,86 mg ,1 mg ,1.3 mg ,0.1 mg ,--
KK-097,60.0,20.0,Toluene,17.0,0.0,0.0,Dehydrositagliptin (1) ,Rh(COD)2OTf ,HL ,Ammonium chloride ,--,405.3,468.3,592.57,53.49,,0.0002135,2.1e-06,2.2e-06,2.1e-06,,100.0,1.0,1.05,1.0,,86 mg ,1 mg ,1.3 mg ,0.1 mg ,--
KK-127,90.0,20.0,THF,18.0,0.0,0.0,Dehydrositagliptin (1) ,Rh(COD)2OTf ,HL ,--,--,405.3,468.3,592.57,,,0.0002135,2.1e-06,2.2e-06,,,100.0,1.0,1.05,,,86 mg ,1 mg ,1.3 mg ,--,--
KK-128,90.0,20.0,THF,18.0,0.0,0.0,Dehydrositagliptin (1) ,Rh(COD)2OTf ,HL ,Ammonium chloride ,--,405.3,468.3,592.57,53.49,,0.0002135,2.1e-06,2.2e-06,2.1e-06,,100.0,1.0,1.05,1.0,,86 mg ,1 mg ,1.3 mg ,0.1 mg ,--
KK-135,25.0,20.0,methanol,17.0,0.0,0.0,Dehydrositagliptin (1) ,Rh(COD)2OTf ,L3 ,--,--,405.3,468.3,414.29,,,0.2135,0.0021,0.0022,,,100.0,1.0,1.05,,,86 mg ,1 mg ,0.9 mg ,--,--
KK-136,25.0,20.0,methanol,17.0,0.0,0.0,Dehydrositagliptin (1) ,Rh(COD)2OTf ,L3 ,Ammonium chloride ,--,405.3,468.3,414.29,53.49,,0.2135,0.0021,0.0022,0.0021,,100.0,1.0,1.05,1.0,,86 mg ,1 mg ,0.9 mg ,0.1 mg ,--
KK-137,60.0,20.0,methanol,18.0,30.0,85.0,Dehydrositagliptin (1) ,Rh(COD)2OTf ,L3 ,--,--,405.3,468.3,414.29,,,0.2135,0.0021,0.0022,,,100.0,1.0,1.05,,,86 mg ,1 mg ,0.9 mg ,--,--
KK-138,60.0,20.0,methanol,12.0,30.0,85.0,Dehydrositagliptin (1) ,Rh(COD)2OTf ,L3 ,Ammonium chloride ,--,405.3,468.3,414.29,53.49,,0.2135,0.0021,0.0022,0.0021,,100.0,1.0,1.05,1.0,,86 mg ,1 mg ,0.9 mg ,0.1 mg ,--
KK-139,60.0,20.0,DCM,18.0,0.0,0.0,Dehydrositagliptin (1) ,Rh(COD)2OTf ,L3 ,--,--,405.3,468.3,414.29,,,0.2135,0.0021,0.0022,,,100.0,1.0,1.05,,,86 mg ,1 mg ,0.9 mg ,--,--
KK-140,60.0,20.0,THF,18.0,0.0,0.0,Dehydrositagliptin (1) ,Rh(COD)2OTf ,L3 ,--,--,405.3,468.3,414.29,,,0.2135,0.0021,0.0022,,,100.0,1.0,1.05,,,86 mg ,1 mg ,0.9 mg ,--,--
KK-141,60.0,20.0,TFE,18.0,10.0,0.0,Dehydrositagliptin (1) ,Rh(COD)2OTf ,L3 ,--,--,405.3,468.3,414.29,,,0.2135,0.0021,0.0022,,,100.0,1.0,1.05,,,86 mg ,1 mg ,0.9 mg ,--,--
KK-142,60.0,20.0,Toluene,18.0,0.0,0.0,Dehydrositagliptin (1) ,Rh(COD)2OTf ,L3 ,--,--,405.3,468.3,414.29,,,0.2135,0.0021,0.0022,,,100.0,1.0,1.05,,,86 mg ,1 mg ,0.9 mg ,--,--
KK-143,60.0,20.0,"1,4-dioxane",18.0,0.0,0.0,Dehydrositagliptin (1) ,Rh(COD)2OTf ,L3 ,--,--,405.3,468.3,414.29,,,0.2135,0.0021,0.0022,,,100.0,1.0,1.05,,,86 mg ,1 mg ,0.9 mg ,--,--
KK-144,60.0,20.0,Ethyl acetate,18.0,0.0,0.0,Dehydrositagliptin (1) ,Rh(COD)2OTf ,L3 ,--,--,405.3,468.3,414.29,,,0.2135,0.0021,0.0022,,,100.0,1.0,1.05,,,86 mg ,1 mg ,0.9 mg ,--,--
KK-145,60.0,20.0,methanol,18.0,12.0,69.0,Dehydrositagliptin (1) ,Rh(COD)2OTf ,L3 ,Acetic acid ,--,405.3,468.3,414.29,60.05,,0.2135,0.0021,0.0022,0.0106,,100.0,1.0,1.05,5.0,,86 mg ,1 mg ,0.9 mg ,0.6 mg ,--
KK-146,60.0,20.0,methanol,18.0,0.0,0.0,Dehydrositagliptin (1) ,Rh(COD)2OTf ,L3 ,Acetic acid ,--,405.3,468.3,414.29,60.05,,0.2135,0.0021,0.0022,0.0106,,100.0,1.0,1.05,5.0,,86 mg ,1 mg ,0.9 mg ,0.6 mg ,--
KK-147,90.0,30.0,methanol,18.0,90.0,84.0,Dehydrositagliptin (1) ,Rh(COD)2OTf ,L3 ,Acetic acid ,--,405.3,468.3,414.29,60.05,,0.2135,0.0021,0.0022,0.0106,,100.0,1.0,1.05,5.0,,86 mg ,1 mg ,0.9 mg ,0.6 mg ,--
KK-148,90.0,30.0,methanol,18.0,92.0,70.0,Dehydrositagliptin (1) ,Rh(COD)2OTf ,L3 ,Acetic acid ,--,405.3,468.3,414.29,60.05,,0.2135,0.0021,0.0022,0.0106,,100.0,1.0,1.05,5.0,,86 mg ,1 mg ,0.9 mg ,0.6 mg ,--
KK-149,90.0,30.0,methanol,18.0,99.0,0.0,Dehydrositagliptin (1) ,Rh(COD)2OTf ,L3 ,Phosphoric acid ,--,405.3,468.3,414.29,97.99,,0.2135,0.0021,0.0022,1.91,,100.0,1.0,1.05,,,86 mg ,1 mg ,0.9 mg ,188 mg ,--
KK-150,90.0,30.0,methanol,18.0,93.0,63.0,Dehydrositagliptin (1) ,Rh(COD)2OTf ,L3 ,Acetic acid ,--,405.3,468.3,414.29,60.05,,0.2135,0.0021,0.0022,0.0161,,100.0,1.0,1.05,7.7,,86 mg ,1 mg ,0.9 mg ,0.97 mg ,--
KK-151,90.0,30.0,methanol,18.0,85.0,83.0,Dehydrositagliptin (1) ,Rh(COD)2OTf ,L3 ,Acetic acid ,--,405.3,468.3,414.29,60.05,,2.477,0.0247,0.026,0.1238,,100.0,1.0,1.05,5.0,,1000 mg ,12 mg ,11 mg ,7 mg ,--
KK-152,60.0,20.0,methanol,18.0,12.0,84.0,Dehydrositagliptin (1) ,Rh(COD)2OTf ,L3 ,--,--,405.3,468.3,414.29,,,2.477,0.0247,0.026,,,100.0,1.0,1.05,,,1000 mg ,12 mg ,11 mg ,--,--
KK-153,70.0,30.0,methanol,24.0,91.0,58.0,Dehydrositagliptin (1) ,Rh(COD)2OTf ,L3 ,--,--,405.3,468.3,414.29,,,0.2135,0.0021,0.0022,,,100.0,1.0,1.05,,,86 mg ,1 mg ,0.9 mg ,--,--
KK-154,70.0,30.0,methanol,24.0,87.0,90.0,Dehydrositagliptin (1) ,Rh(COD)2OTf ,L3 ,Ammonium chloride ,--,405.3,468.3,414.29,53.49,,0.2135,0.0021,0.0022,0.0021,,100.0,1.0,1.05,1.0,,86 mg ,1 mg ,0.9 mg ,0.1 mg ,--
KK-155,70.0,30.0,methanol,24.0,74.0,85.0,Dehydrositagliptin (1) ,Rh(COD)2OTf ,L3 ,Acetic acid ,--,405.3,468.3,414.29,60.05,,0.2135,0.0021,0.0022,0.0106,,100.0,1.0,1.05,5.0,,86 mg ,1 mg ,0.9 mg ,0.6 mg ,--
KK-156,70.0,30.0,methanol,24.0,94.0,88.0,Dehydrositagliptin (1) ,Rh(COD)2OTf ,L3 ,Phosphoric acid ,--,405.3,468.3,414.29,97.99,,0.2135,0.0021,0.0022,0.0105,,100.0,1.0,1.05,5.0,,86 mg ,1 mg ,0.9 mg ,1.02 mg ,--
KK-157,65.0,30.0,methanol,24.0,50.0,90.0,Dehydrositagliptin (1) ,Rh(COD)2OTf ,L3 ,--,--,405.3,468.3,414.29,,,0.2135,0.0021,0.0022,,,100.0,1.0,1.05,,,86 mg ,1 mg ,0.9 mg ,--,--
KK-158,65.0,30.0,methanol,24.0,61.0,87.0,Dehydrositagliptin (1) ,Rh(COD)2OTf ,L3 ,Ammonium chloride ,--,405.3,468.3,414.29,53.49,,0.2135,0.0021,0.0022,0.0021,,100.0,1.0,1.05,1.0,,86 mg ,1 mg ,0.9 mg ,0.1 mg ,--
KK-159,65.0,30.0,methanol,24.0,20.0,50.0,Dehydrositagliptin (1) ,Rh(COD)2OTf ,L3 ,Acetic acid ,--,405.3,468.3,414.29,60.05,,0.2135,0.0021,0.0022,0.0106,,100.0,1.0,1.05,5.0,,86 mg ,1 mg ,0.9 mg ,0.6 mg ,--
KK-160,65.0,30.0,methanol,24.0,30.0,60.0,Dehydrositagliptin (1) ,Rh(COD)2OTf ,L3 ,Phosphoric acid ,--,405.3,468.3,414.29,97.99,,0.2135,0.0021,0.0022,0.0105,,100.0,1.0,1.05,5.0,,86 mg ,1 mg ,0.9 mg ,1 mg ,--
KK-161,60.0,30.0,methanol,48.0,0.0,0.0,Dehydrositagliptin (1) ,[FeH(CO)4]PNP ,tBu-Josiphos ,--,--,405.3,707.48,542.45,,,0.1413,0.0014,0.0015,,,100.0,1.0,1.05,,,57 mg ,1 mg ,0.8 mg ,--,--
KK-162,60.0,30.0,toluene,48.0,0.0,0.0,Dehydrositagliptin (1) ,[FeH(CO)4]PNP ,HL ,--,--,405.3,707.48,592.55,,,0.1413,0.0014,0.0015,,,100.0,1.0,1.05,,,57 mg ,1 mg ,0.9 mg ,--,--
KK-163,60.0,30.0,methanol,48.0,0.0,0.0,Dehydrositagliptin (1) ,[FeH(CO)4]PNP ,L4 ,--,--,405.3,707.48,306.36,,,0.1413,0.0014,0.0014,,,100.0,1.0,1.05,,,57 mg ,1 mg ,0.5 mg ,--,--
KK-164,60.0,30.0,methanol,48.0,0.0,0.0,Dehydrositagliptin (1) ,[FeH(CO)4]PNP ,L3 ,--,--,405.3,707.48,414.3,,,0.1413,0.0014,0.0015,,,100.0,1.0,1.05,,,57 mg ,1 mg ,0.6 mg ,--,--
KK-165,60.0,30.0,methanol,48.0,0.0,0.0,Dehydrositagliptin (1) ,[FeH(CO)4]PNP ,L1 ,--,--,405.3,707.48,496.53,,,0.1413,0.0014,0.0015,,,100.0,1.0,1.05,,,57 mg ,1 mg ,0.8 mg ,--,--
KK-166,60.0,30.0,methanol,48.0,0.0,0.0,Dehydrositagliptin (1) ,[FeH(CO)4]PNP ,L2 ,--,--,405.3,707.48,426.47,,,0.1413,0.0014,0.0015,,,100.0,1.0,1.05,,,57 mg ,1 mg ,0.6 mg ,--,--
KK-167,60.0,30.0,methanol,18.0,0.0,0.0,Dehydrositagliptin (1) ,Rh(COD)2OTf ,L3 ,--,--,405.3,468.3,414.29,,,0.427,0.0021,0.0022,,,200.0,1.0,1.05,,,173 mg ,1 mg ,0.9 mg ,--,--
KK-168,60.0,30.0,methanol,18.0,0.0,0.0,Dehydrositagliptin (1) ,Rh(COD)2OTf ,L3 ,Ammonium chloride ,--,405.3,468.3,414.29,53.49,,0.427,0.0021,0.0022,0.0021,,200.0,1.0,1.05,1.0,,173 mg ,1 mg ,0.9 mg ,0.1 mg ,--
KK-169,60.0,30.0,methanol,18.0,0.0,0.0,Dehydrositagliptin (1) ,Rh(COD)2OTf ,L3 ,Acetic acid ,--,405.3,468.3,414.29,60.05,,0.427,0.0021,0.0022,0.0106,,200.0,1.0,1.05,5.0,,173 mg ,1 mg ,0.9 mg ,0.6 mg ,--
KK-170,60.0,30.0,methanol,18.0,0.0,0.0,Dehydrositagliptin (1) ,Rh(COD)2OTf ,L3 ,Phosphoric acid ,--,405.3,468.3,414.29,97.99,,0.427,0.0021,0.0022,0.0106,,200.0,1.0,1.05,5.0,,173 mg ,1 mg ,0.9 mg ,1.0 mg ,--
KK-173,100.0,30.0,methanol,48.0,0.0,0.0,Dehydrositagliptin (1) ,[FeH(CO)4]PNP ,L4 ,--,--,405.3,707.48,306.36,,,0.1413,0.0014,0.0014,,,100.0,1.0,1.05,,,57 mg ,1 mg ,0.5 mg ,--,--
KK-174,100.0,30.0,methanol,48.0,0.0,0.0,Dehydrositagliptin (1) ,[FeH(CO)4]PNP ,L3 ,--,--,405.3,707.48,414.3,,,0.1413,0.0014,0.0015,,,100.0,1.0,1.05,,,57 mg ,1 mg ,0.6 mg ,--,--
KK-176,100.0,30.0,methanol,48.0,0.0,0.0,Dehydrositagliptin (1) ,[FeH(CO)4]PNP ,tBu-Josiphos ,--,--,405.3,707.48,542.45,,,0.1413,0.0014,0.0015,,,100.0,1.0,1.05,,,57 mg ,1 mg ,0.8 mg ,--,--
KK-189,60.0,30.0,methanol,18.0,15.0,80.0,Dehydrositagliptin (1) ,Rh(COD)2OTf ,L3 ,Ammonium chloride ,--,405.3,468.3,414.29,53.49,,0.2135,0.0021,0.0022,0.0021,,100.0,1.0,1.05,1.0,,86 mg ,1 mg ,0.9 mg ,0.1 mg ,--
KK-190,60.0,30.0,methanol,18.0,7.0,80.0,Dehydrositagliptin (1) ,Rh(COD)2OTf ,L3 ,Ammonium chloride ,--,405.3,468.3,414.29,53.49,,0.42,0.0021,0.0022,0.0021,,200.0,1.0,1.05,1.0,,173 mg ,1 mg ,0.9 mg ,0.1 mg ,--
KK-191,70.0,30.0,methanol,48.0,10.0,85.0,Dehydrositagliptin (1) ,Rh(COD)2OTf ,L3 ,Acetic acid ,--,405.3,468.3,414.29,60.05,,2.477,0.0247,0.026,0.1238,,100.0,1.0,1.05,5.0,,1000 mg ,12 mg ,11 mg ,7 mg ,--
KK-192,70.0,30.0,methanol,18.0,84.0,85.0,Dehydrositagliptin (1) ,Rh(COD)2OTf ,L3 ,Ammonium chloride ,--,405.3,468.3,414.29,53.49,,0.1409,0.0021,0.0021,0.0021,,66.0,1.0,1.0,1.0,,57 mg ,1 mg ,1 mg ,0.1 mg ,--
KK-193,70.0,30.0,methanol,18.0,90.0,85.0,Dehydrositagliptin (1) ,Rh(COD)2OTf ,L3 ,Ammonium chloride ,--,405.3,468.3,414.29,53.49,,0.2135,0.0021,0.0042,0.0021,,100.0,1.0,2.0,1.0,,86 mg ,1 mg ,1.7 mg ,0.1 mg ,--
KK-196,70.0,30.0,methanol,48.0,0.0,0.0,Dehydrositagliptin (1) ,Rh(COD)2OTf ,L3 ,Ammonium chloride ,--,405.3,468.3,414.29,53.49,,0.2135,0.001,0.001,0.01,,200.0,1.0,1.05,10.0,,86 mg ,0.5 mg ,0.4 mg ,0.5 mg ,--
KK-197,70.0,30.0,methanol,48.0,0.0,0.0,Dehydrositagliptin (1) ,Rh(COD)2OTf ,L3 ,Acetic acid ,--,405.3,468.3,414.29,60.05,,0.4271,0.0021,0.0022,0.0106,,200.0,1.0,1.05,5.0,,173 mg ,1 mg ,0.9 mg ,0.6 mg ,--
KK-198,70.0,30.0,methanol,18.0,0.0,0.0,Dehydrositagliptin (1) ,Rh(COD)2OTf ,L3 ,--,--,405.3,468.3,414.29,,,0.2135,0.0021,0.0026,,,100.0,1.0,1.2,,,86 mg ,1 mg ,1.1 mg ,--,--
KK-199,70.0,30.0,methanol,18.0,0.0,0.0,Dehydrositagliptin (1) ,Rh(COD)2OTf ,L3 ,Ammonium chloride ,--,405.3,468.3,414.29,53.49,,0.2135,0.0021,0.0026,0.0021,,100.0,1.0,1.2,1.0,,86 mg ,1 mg ,1.1 mg ,0.1 mg ,--
KK-200,70.0,30.0,methanol,18.0,18.0,76.0,Dehydrositagliptin (1) ,Rh(COD)2OTf ,L3 ,Acetic acid ,--,405.3,468.3,414.29,60.05,,0.2135,0.0021,0.0026,0.0106,,100.0,1.0,1.2,5.0,,86 mg ,1 mg ,1.1 mg ,0.6 mg ,--
KK-201,70.0,30.0,methanol,18.0,100.0,0.0,Dehydrositagliptin (1) ,Rh(COD)2OTf ,L3 ,Phosphoric acid ,--,405.3,468.3,414.29,97.66,,0.2135,0.0021,0.0026,0.0106,,100.0,1.0,1.2,5.0,,86 mg ,1 mg ,1.1 mg ,1.02 mg ,--
KK-202,70.0,30.0,methanol,18.0,0.0,0.0,Dehydrositagliptin (1) ,Rh(COD)2OTf ,L3 ,Ammonium chloride ,--,405.3,468.3,414.29,53.49,,0.2135,0.0021,0.0022,0.0021,,100.0,1.0,1.05,1.0,,86 mg ,1 mg ,0.9 mg ,0.1 mg ,--
KK-203,70.0,30.0,methanol,48.0,0.0,0.0,Dehydrositagliptin (1) ,Rh(COD)2OTf ,L3 ,--,--,405.3,468.3,414.29,,,0.2135,0.0021,0.0022,,,100.0,1.0,1.05,,,86 mg ,1 mg ,0.9 mg ,--,--
KK-204,70.0,30.0,methanol,48.0,0.0,0.0,Dehydrositagliptin (1) ,Rh(COD)2OTf ,L3 ,Ammonium chloride ,--,405.3,468.3,414.29,53.49,,0.2135,0.0021,0.0022,0.0021,,100.0,1.0,1.05,1.0,,86 mg ,1 mg ,0.9 mg ,0.1 mg ,--
KK-205,70.0,30.0,methanol,48.0,3.0,82.0,Dehydrositagliptin (1) ,Rh(COD)2OTf ,L3 ,Acetic acid ,--,405.3,468.3,414.29,60.05,,0.2135,0.0021,0.0026,0.0106,,100.0,1.0,1.2,5.0,,86 mg ,1 mg ,1.1 mg ,0.6 mg ,--
KK-206,70.0,30.0,methanol,48.0,100.0,0.0,Dehydrositagliptin (1) ,Rh(COD)2OTf ,L3 ,Phosphoric acid ,--,405.3,468.3,414.29,97.66,,0.2135,0.0021,0.0022,0.0106,,100.0,1.0,1.05,5.0,,86 mg ,1 mg ,0.9 mg ,1.02 mg ,--
KK-209,70.0,30.0,methanol,48.0,0.0,0.0,Dehydrositagliptin (1) ,Rh(COD)2OTf ,L3 ,Acetic acid ,--,405.3,468.3,414.29,60.05,,0.2135,0.0021,0.0022,0.0106,,100.0,1.0,1.05,5.0,,86 mg ,1 mg ,0.9 mg ,0.6 mg ,--
KK-210,70.0,30.0,methanol,48.0,0.0,0.0,Dehydrositagliptin (1) ,Rh(COD)2OTf ,L3 ,Phosphoric acid ,--,405.3,468.3,414.29,97.66,,0.2135,0.0021,0.0022,0.0106,,100.0,1.0,1.05,5.0,,86 mg ,1 mg ,0.9 mg ,1.02 mg ,--
KK-211,70.0,30.0,methanol,40.0,98.0,10.0,Dehydrositagliptin (1) ,Rh(COD)2OTf ,L3 ,--,--,405.3,468.3,414.29,,,0.2135,0.0021,0.0022,,,100.0,1.0,1.05,,,86 mg ,1 mg ,0.9 mg ,--,--
KK-212,70.0,30.0,methanol,40.0,58.0,83.0,Dehydrositagliptin (1) ,Rh(COD)2OTf ,L3 ,Ammonium chloride ,--,405.3,468.3,414.29,53.49,,0.2135,0.0021,0.0022,0.0021,,100.0,1.0,1.05,1.0,,86 mg ,1 mg ,0.9 mg ,0.1 mg ,--
KK-213,70.0,30.0,methanol,40.0,72.0,23.0,Dehydrositagliptin (1) ,Rh(COD)2OTf ,L3 ,Acetic acid ,--,405.3,468.3,414.29,60.05,,0.2135,0.0021,0.0022,0.0106,,100.0,1.0,1.05,5.0,,86 mg ,1 mg ,0.9 mg ,0.6 mg ,--
KK-214,70.0,30.0,methanol,40.0,73.0,83.0,Dehydrositagliptin (1) ,Rh(COD)2OTf ,L3 ,Phosphoric acid ,--,405.3,468.3,414.29,97.66,,0.2135,0.0021,0.0022,0.0106,,100.0,1.0,1.05,5.0,,86 mg ,1 mg ,0.9 mg ,1 mg ,--
KK-215,70.0,30.0,methanol,18.0,70.0,82.0,Dehydrositagliptin (1) ,Rh(COD)2OTf ,L3 ,--,--,405.3,468.3,414.29,,,0.2135,0.0021,0.0022,,,100.0,1.0,1.05,,,86 mg ,1 mg ,0.9 mg ,--,--
KK-219,70.0,30.0,methanol,24.0,50.0,82.0,Dehydrositagliptin (1) ,Rh(COD)2OTf ,L3 ,--,--,405.3,468.3,414.29,,,0.2135,0.0021,0.0022,,,100.0,1.0,1.05,,,86 mg ,1 mg ,0.9 mg ,--,--
KK-220,70.0,30.0,methanol,24.0,45.0,82.0,Dehydrositagliptin (1) ,Rh(COD)2OTf ,L3 ,--,--,405.3,468.3,414.29,,,0.2135,0.0021,0.0022,,,100.0,1.0,1.05,,,86 mg ,1 mg ,0.9 mg ,--,--
KK-221,70.0,30.0,methanol,24.0,0.0,0.0,Dehydrositagliptin (1) ,Rh(COD)2OTf ,L3 ,--,--,405.3,468.3,414.29,,,0.2135,0.0021,0.0022,,,100.0,1.0,1.05,,,86 mg ,1 mg ,0.9 mg ,--,--
KK-222,70.0,30.0,methanol,13.0,20.0,86.0,Dehydrositagliptin (1) ,Rh(COD)2OTf ,L3 ,--,--,405.3,468.3,414.29,,,0.2135,0.0021,0.0026,,,100.0,1.0,1.25,,,86 mg ,1 mg ,1.1 mg ,--,--
KK-223,70.0,30.0,methanol,13.0,65.0,83.0,Dehydrositagliptin (1) ,Rh(COD)2OTf ,L3 ,--,--,405.3,468.3,414.29,,,0.2135,0.0021,0.0032,,,100.0,1.0,1.5,,,86 mg ,1 mg ,1.3 mg ,--,--
KK-224,70.0,30.0,methanol,13.0,45.0,82.0,Dehydrositagliptin (1) ,Rh(COD)2OTf ,L3 ,--,--,405.3,468.3,414.29,,,0.2135,0.0021,0.0042,,,100.0,1.0,2.0,,,86 mg ,1 mg ,1.7 mg ,--,--
KK-225,70.0,30.0,methanol,13.0,61.0,82.0,Dehydrositagliptin (1) ,Rh(COD)2OTf ,L3 ,--,--,405.3,468.3,414.29,,,0.2135,0.0021,0.0052,,,100.0,1.0,2.5,,,86 mg ,1 mg ,2.2 mg ,--,--
KK-226,70.0,30.0,methanol,18.0,0.0,0.0,Dehydrositagliptin (1) ,Rh(COD)2OTf ,L3 ,--,--,405.3,468.3,414.29,,,0.427,0.0021,0.0022,,,200.0,1.0,1.05,,,173 mg ,1 mg ,0.9 mg ,--,--
KK-227,70.0,30.0,methanol,18.0,74.0,81.0,Dehydrositagliptin (1) ,Rh(COD)2OTf ,L3 ,--,--,405.3,468.3,414.29,,,0.1386,0.0021,0.0022,,,66.0,1.0,1.05,,,57 mg ,1 mg ,0.9 mg ,--,--
KK-228,70.0,30.0,methanol,12.0,14.0,83.0,Dehydrositagliptin (1) ,Rh(COD)2OTf ,L3 ,--,--,405.3,468.3,414.29,,,0.1067,0.0021,0.0021,,,50.0,1.0,1.0,,,43 mg ,1 mg ,0.9 mg ,--,--
KK-229,70.0,30.0,methanol,12.0,51.0,83.0,Dehydrositagliptin (1) ,Rh(COD)2OTf ,L3 ,Ammonium chloride ,--,405.3,468.3,414.29,53.49,,0.1067,0.0021,0.0021,0.0021,,50.0,1.0,1.0,1.0,,43 mg ,1 mg ,0.9 mg ,0.1 mg ,--
KK-230,50.0,30.0,methanol,12.0,14.0,83.0,Dehydrositagliptin (1) ,Rh(COD)2OTf ,L3 ,--,--,405.3,468.3,414.29,,,0.1067,0.0021,0.0021,,,50.0,1.0,1.0,,,43 mg ,1 mg ,0.9 mg ,--,--
KK-231,50.0,30.0,methanol,12.0,6.0,81.0,Dehydrositagliptin (1) ,Rh(COD)2OTf ,L3 ,Ammonium chloride ,--,405.3,468.3,414.29,53.49,,0.1067,0.0021,0.0021,0.0021,,50.0,1.0,1.0,1.0,,43 mg ,1 mg ,0.9 mg ,0.1 mg ,--
KK-232,70.0,30.0,methanol,18.0,74.0,84.0,Dehydrositagliptin (1) ,Rh(COD)2OTf ,L3 ,--,--,405.3,468.3,414.29,,,0.2135,0.0042,0.0042,,,50.0,1.0,1.0,,,86 mg ,2 mg ,1.8 mg ,--,--
KK-233,70.0,30.0,methanol,18.0,89.0,82.0,Dehydrositagliptin (1) ,Rh(COD)2OTf ,L3 ,Ammonium chloride ,--,405.3,468.3,414.29,53.49,,0.2135,0.0042,0.0042,0.0042,,50.0,1.0,1.0,1.0,,86 mg ,2 mg ,1.8 mg ,0.2 mg ,--
KK-234,50.0,30.0,methanol,70.0,46.0,79.0,Dehydrositagliptin (1) ,Rh(COD)2OTf ,L3 ,--,--,405.3,468.3,414.29,,,0.2135,0.0042,0.0042,,,50.0,1.0,1.0,,,86 mg ,2 mg ,1.8 mg ,--,--
KK-235,50.0,30.0,methanol,70.0,46.0,79.0,Dehydrositagliptin (1) ,Rh(COD)2OTf ,L3 ,Ammonium chloride ,--,405.3,468.3,414.29,53.49,,0.2135,0.0042,0.0042,0.0042,,50.0,1.0,1.0,1.0,,86 mg ,2 mg ,1.8 mg ,0.2 mg ,--
KK-236,70.0,30.0,methanol,18.0,91.0,82.0,Dehydrositagliptin (1) ,Rh(COD)2OTf ,L3 ,--,--,405.3,468.3,414.29,,,0.2135,0.0042,0.0042,,,50.0,1.0,1.0,,,86 mg ,2 mg ,1.8 mg ,--,--
KK-237,70.0,30.0,methanol,24.0,58.0,82.0,Dehydrositagliptin (1) ,Rh(COD)2OTf ,L3 ,--,--,405.3,468.3,414.29,,,0.2135,0.0042,0.0042,,,50.0,1.0,1.0,,,86 mg ,2 mg ,1.8 mg ,--,--
KK-238,70.0,30.0,methanol,24.0,92.0,81.0,Dehydrositagliptin (1) ,Rh(COD)2OTf ,L3 ,--,--,405.3,468.3,414.29,,,0.2135,0.0042,0.0084,,,50.0,1.0,2.0,,,86 mg ,2 mg ,3.5 mg ,--,--
KK-239,70.0,30.0,methanol,24.0,26.0,89.0,Dehydrositagliptin (1) ,Rh(COD)2OTf ,L3 ,--,--,405.3,468.3,414.29,,,0.2135,0.0042,0.0168,,,50.0,1.0,4.0,,,86 mg ,2 mg ,7 mg ,--,--
KK-240,70.0,30.0,methanol,24.0,13.0,85.0,Dehydrositagliptin (1) ,Rh(COD)2OTf ,L3 ,Ammonium chloride ,--,405.3,468.3,414.29,53.49,,0.2135,0.0042,0.0042,0.0042,,50.0,1.0,1.0,1.0,,86 mg ,2 mg ,1.8 mg ,0.2 mg ,--
KK-241,70.0,30.0,methanol,24.0,89.0,83.0,Dehydrositagliptin (1) ,Rh(COD)2OTf ,L3 ,Ammonium chloride ,--,405.3,468.3,414.29,53.49,,0.2135,0.0042,0.0084,0.0042,,50.0,1.0,2.0,1.0,,86 mg ,2 mg ,3.5 mg ,0.2 mg ,--
KK-242,70.0,30.0,methanol,24.0,2.0,92.0,Dehydrositagliptin (1) ,Rh(COD)2OTf ,L3 ,Ammonium chloride ,--,405.3,468.3,414.29,53.49,,0.2135,0.0042,0.0168,0.0042,,50.0,1.0,4.0,1.0,,86 mg ,2 mg ,7 mg ,0.2 mg ,--
KK-243,50.0,30.0,methanol,24.0,6.0,83.0,Dehydrositagliptin (1) ,Rh(COD)2OTf ,L3 ,--,--,405.3,468.3,414.29,,,0.2135,0.0042,0.0042,,,50.0,1.0,1.0,,,86 mg ,2 mg ,1.8 mg ,--,--
KK-244,50.0,30.0,methanol,24.0,4.0,84.0,Dehydrositagliptin (1) ,Rh(COD)2OTf ,L3 ,--,--,405.3,468.3,414.29,,,0.2135,0.0042,0.0084,,,50.0,1.0,2.0,,,86 mg ,2 mg ,3.5 mg ,--,--
KK-245,50.0,30.0,methanol,24.0,0.0,0.0,Dehydrositagliptin (1) ,Rh(COD)2OTf ,L3 ,--,--,405.3,468.3,414.29,,,0.2135,0.0042,0.0168,,,50.0,1.0,4.0,,,86 mg ,2 mg ,7 mg ,--,--
KK-246,50.0,30.0,methanol,24.0,7.0,81.0,Dehydrositagliptin (1) ,Rh(COD)2OTf ,L3 ,Ammonium chloride ,--,405.3,468.3,414.29,53.49,,0.2135,0.0042,0.0042,0.0042,,50.0,1.0,1.0,1.0,,86 mg ,2 mg ,1.8 mg ,0.2 mg ,--
KK-247,50.0,30.0,methanol,24.0,26.0,83.0,Dehydrositagliptin (1) ,Rh(COD)2OTf ,L3 ,Ammonium chloride ,--,405.3,468.3,414.29,53.49,,0.2135,0.0042,0.0084,0.0042,,50.0,1.0,2.0,1.0,,86 mg ,2 mg ,3.5 mg ,0.2 mg ,--
KK-248,50.0,30.0,methanol,24.0,0.0,0.0,Dehydrositagliptin (1) ,Rh(COD)2OTf ,L3 ,Ammonium chloride ,--,405.3,468.3,414.29,53.49,,0.2135,0.0042,0.0168,0.0042,,50.0,1.0,4.0,1.0,,86 mg ,2 mg ,7 mg ,0.2 mg ,--
KK-249,70.0,30.0,methanol,24.0,94.0,18.0,Dehydrositagliptin (1) ,Rh(COD)2OTf ,L3 ,Salicylic acid ,--,405.3,468.3,414.29,138.12,,0.2135,0.0021,0.0042,0.2135,,100.0,1.0,2.0,100.0,,86 mg ,1 mg ,1.8 mg ,29.5 mg ,--
KK-250,70.0,30.0,methanol,24.0,13.0,74.0,Dehydrositagliptin (1) ,Rh(COD)2OTf ,L3 ,Salicylic acid ,Ammonium chloride ,405.3,468.3,414.29,138.12,53.49,0.2135,0.0021,0.0042,0.2135,0.2135,100.0,1.0,2.0,100.0,100.0,86 mg ,1 mg ,1.8 mg ,29.5 mg ,11.4 mg 
KK-251,70.0,30.0,methanol,24.0,92.0,82.0,Dehydrositagliptin (1) ,Rh(COD)2OTf ,L3 ,Salicylic acid ,--,405.3,468.3,414.29,138.12,,0.2135,0.0021,0.0042,0.2135,,100.0,1.0,2.0,100.0,,86 mg ,1 mg ,1.8 mg ,29.5 mg ,--
KK-252,70.0,30.0,methanol,24.0,45.0,2.0,Dehydrositagliptin (1) ,Rh(COD)2OTf ,L3 ,--,--,405.3,468.3,414.29,,,0.2135,0.0021,0.0042,,,100.0,1.0,2.0,,,86 mg ,1 mg ,1.8 mg ,--,--
KK-253,70.0,30.0,methanol,24.0,9.0,83.0,Dehydrositagliptin (1) ,Rh(COD)2OTf ,L3 ,Ammonium chloride ,--,405.3,468.3,414.29,53.49,,0.2135,0.0021,0.0021,0.0021,,100.0,1.0,1.0,1.0,,86 mg ,1 mg ,0.9 mg ,0.1 mg ,--
KK-254,70.0,30.0,methanol,18.0,100.0,0.0,Dehydrositagliptin (1) ,Rh(COD)2OTf ,L3 ,Ammonium chloride ,--,405.3,468.3,414.29,53.49,,0.2837,0.0028,0.0028,0.0028,,1.0,0.01,0.01,0.01,,115 mg ,1.3 mg ,1.2 mg ,0.2 mg ,--
KK-255,70.0,30.0,methanol,18.0,50.0,91.0,Dehydrositagliptin (1) ,Rh(COD)2OTf ,L3 ,Salicylic acid ,--,405.3,468.3,414.29,138.12,,0.2135,0.0021,0.0021,0.105,,100.0,1.0,1.0,50.0,,86 mg ,1 mg ,0.9 mg ,14.5 mg ,--
KK-256,70.0,30.0,methanol,18.0,86.0,84.0,Dehydrositagliptin (1) ,Rh(COD)2OTf ,L3 ,Salicylic acid ,--,405.3,468.3,414.29,138.12,,0.2135,0.0021,0.0021,0.3202,,100.0,1.0,1.0,150.0,,86 mg ,1 mg ,0.9 mg ,44.2 mg ,--
KK-257,70.0,30.0,methanol,18.0,82.0,82.0,Dehydrositagliptin (1) ,Rh(COD)2OTf ,L3 ,Salicylic acid ,--,405.3,468.3,414.29,138.12,,0.2135,0.0021,0.0021,0.427,,100.0,1.0,1.0,200.0,,86 mg ,1 mg ,0.9 mg ,58 mg ,--
KK-258,90.0,30.0,amyl alcohol,24.0,0.0,0.0,Dehydrositagliptin (1) ,Rh(COD)2OTf ,L3 ,--,--,405.3,468.3,414.29,,,0.2135,0.0021,0.0021,,,100.0,1.0,1.0,,,86 mg ,1 mg ,0.9 mg ,--,--
KK-259,90.0,30.0,amyl alcohol,24.0,3.0,80.0,Dehydrositagliptin (1) ,Rh(COD)2OTf ,L3 ,Ammonium chloride ,--,405.3,468.3,414.29,53.49,,0.2135,0.0021,0.0021,0.0021,,100.0,1.0,1.0,1.0,,86 mg ,1 mg ,0.9 mg ,0.1 mg ,--
KK-260,90.0,30.0,amyl alcohol,24.0,92.0,88.0,Dehydrositagliptin (1) ,Rh(COD)2OTf ,L3 ,Salicylic acid ,--,405.3,468.3,414.29,138.12,,0.2135,0.0021,0.0021,0.2135,,100.0,1.0,1.0,100.0,,86 mg ,1 mg ,0.9 mg ,29.4 mg ,--
KK-261,70.0,30.0,methanol,24.0,0.0,0.0,Dehydrositagliptin (1) ,Rh(COD)2OTf ,L3 ,BF3∙Et2O ,--,405.3,468.3,414.29,141.93,,0.2135,0.0021,0.0021,0.0021,,100.0,1.0,1.0,1.0,,86 mg ,1 mg ,0.9 mg ,0.3 mg ,--
KK-262,70.0,30.0,methanol,24.0,0.0,0.0,Dehydrositagliptin (1) ,Rh(COD)2OTf ,L3 ,BF3∙Et2O ,Ammonium chloride ,405.3,468.3,414.29,141.93,53.49,0.2135,0.0021,0.0021,0.0021,0.0021,100.0,1.0,1.0,1.0,1.0,86 mg ,1 mg ,0.9 mg ,0.3 mg ,0.1 mg 
KK-263,70.0,30.0,methanol,24.0,0.0,0.0,Dehydrositagliptin (1) ,Rh(COD)2OTf ,L3 ,BF3∙Et2O ,Salicylic acid ,405.3,468.3,414.29,141.93,138.12,0.2135,0.0021,0.0021,0.0021,0.2135,100.0,1.0,1.0,1.0,100.0,86 mg ,1 mg ,0.9 mg ,0.3 mg ,29.4 mg 
KK-264,70.0,30.0,methanol,24.0,4.0,84.0,Dehydrositagliptin (1) ,Rh(COD)2OTf ,L3 ,BF3∙Et2O ,--,405.3,468.3,414.29,141.93,,0.2135,0.0021,0.0021,0.0042,,100.0,1.0,1.0,2.0,,86 mg ,1 mg ,0.9 mg ,0.6 mg ,--
KK-265,70.0,30.0,methanol,24.0,0.0,0.0,Dehydrositagliptin (1) ,Rh(COD)2OTf ,L3 ,BF3∙Et2O ,Ammonium chloride ,405.3,468.3,414.29,141.93,53.49,0.2135,0.0021,0.0021,0.0042,0.0021,100.0,1.0,1.0,2.0,1.0,86 mg ,1 mg ,0.9 mg ,0.6 mg ,0.1 mg 
KK-266,70.0,30.0,methanol,24.0,0.0,0.0,Dehydrositagliptin (1) ,Rh(COD)2OTf ,L3 ,BF3∙Et2O ,Salicylic acid ,405.3,468.3,414.29,141.93,138.12,0.2135,0.0021,0.0021,0.0042,0.2135,100.0,1.0,1.0,2.0,100.0,86 mg ,1 mg ,0.9 mg ,0.6 mg ,29.4 mg 
KK-267,70.0,30.0,TFE,20.0,0.0,0.0,Dehydrositagliptin (1) ,Rh(COD)2OTf ,L3 ,--,--,405.3,468.3,414.29,,,0.2135,0.0021,0.0021,,,100.0,1.0,1.0,,,86 mg ,1 mg ,0.9 mg ,--,--
KK-268,70.0,30.0,TFE,20.0,92.0,15.0,Dehydrositagliptin (1) ,Rh(COD)2OTf ,L3 ,--,--,405.3,468.3,414.29,,,0.2135,0.0021,0.0032,,,100.0,1.0,1.5,,,86 mg ,1 mg ,1.3 mg ,--,--
KK-269,70.0,30.0,TFE,20.0,49.0,15.0,Dehydrositagliptin (1) ,Rh(COD)2OTf ,L3 ,--,--,405.3,468.3,414.29,,,0.2135,0.0021,0.0042,,,100.0,1.0,2.0,,,86 mg ,1 mg ,1.8 mg ,--,--
KK-270,70.0,30.0,Methanol,24.0,40.0,83.0,Dehydrositagliptin (1) ,Rh(COD)2OTf ,L3 ,Ammonium salicylate ,--,405.3,468.3,414.29,155.15,,0.2135,0.0021,0.0042,0.2135,,100.0,1.0,2.0,100.0,,86 mg ,1 mg ,1.8 mg ,33.4 mg ,--
KK-271,70.0,30.0,MeOH:TFE (90:10),24.0,30.0,88.0,Dehydrositagliptin (1) ,Rh(COD)2OTf ,L3 ,--,--,405.3,468.3,414.29,,,0.2135,0.0021,0.0032,,,100.0,1.0,1.5,,,86 mg ,1 mg ,1.3 mg ,--,--
KK-272,70.0,30.0,MeOH:TFE (80:20),24.0,65.0,77.0,Dehydrositagliptin (1) ,Rh(COD)2OTf ,L3 ,--,--,405.3,468.3,414.29,,,0.2135,0.0021,0.0032,,,100.0,1.0,1.5,,,86 mg ,1 mg ,1.3 mg ,--,--
KK-273,70.0,30.0,MeOH:TFE (70:30),24.0,77.0,73.0,Dehydrositagliptin (1) ,Rh(COD)2OTf ,L3 ,--,--,405.3,468.3,414.29,,,0.2135,0.0021,0.0032,,,100.0,1.0,1.5,,,86 mg ,1 mg ,1.3 mg ,--,--
KK-274,70.0,30.0,MeOH:TFE (60:40),24.0,88.0,67.0,Dehydrositagliptin (1) ,Rh(COD)2OTf ,L3 ,--,--,405.3,468.3,414.29,,,0.2135,0.0021,0.0032,,,100.0,1.0,1.5,,,86 mg ,1 mg ,1.3 mg ,--,--
KK-275,70.0,30.0,MeOH:TFE (50:50),24.0,90.0,62.0,Dehydrositagliptin (1) ,Rh(COD)2OTf ,L3 ,--,--,405.3,468.3,414.29,,,0.2135,0.0021,0.0032,,,100.0,1.0,1.5,,,86 mg ,1 mg ,1.3 mg ,--,--
KK-276,70.0,30.0,MeOH:TFE (90:10),24.0,70.0,82.0,Dehydrositagliptin (1) ,Rh(COD)2OTf ,L3 ,--,--,405.3,468.3,414.29,,,0.2135,0.0021,0.0043,,,100.0,1.0,2.0,,,86 mg ,1 mg ,1.8 mg ,--,--
KK-277,70.0,30.0,MeOH:TFE (80:20),24.0,51.0,75.0,Dehydrositagliptin (1) ,Rh(COD)2OTf ,L3 ,--,--,405.3,468.3,414.29,,,0.2135,0.0021,0.0043,,,100.0,1.0,2.0,,,86 mg ,1 mg ,1.8 mg ,--,--
KK-278,70.0,30.0,MeOH:TFE (70:30),24.0,77.0,74.0,Dehydrositagliptin (1) ,Rh(COD)2OTf ,L3 ,--,--,405.3,468.3,414.29,,,0.2135,0.0021,0.0043,,,100.0,1.0,2.0,,,86 mg ,1 mg ,1.8 mg ,--,--
KK-279,70.0,30.0,MeOH:TFE (60:40),24.0,96.0,67.0,Dehydrositagliptin (1) ,Rh(COD)2OTf ,L3 ,--,--,405.3,468.3,414.29,,,0.2135,0.0021,0.0043,,,100.0,1.0,2.0,,,86 mg ,1 mg ,1.8 mg ,--,--
KK-280,70.0,30.0,MeOH:TFE (50:50),24.0,90.0,62.0,Dehydrositagliptin (1) ,Rh(COD)2OTf ,L3 ,--,--,405.3,468.3,414.29,,,0.2135,0.0021,0.0043,,,100.0,1.0,2.0,,,86 mg ,1 mg ,1.8 mg ,--,--
KK-281,70.0,30.0,MeOH:TFE (90:10),24.0,38.0,74.0,Dehydrositagliptin (1) ,Rh(COD)2OTf ,L3 ,--,--,405.3,468.3,414.29,,,0.2135,0.0021,0.0064,,,100.0,1.0,3.0,,,86 mg ,1 mg ,2.6 mg ,--,--
KK-282,70.0,30.0,MeOH:TFE (80:20),24.0,4.0,83.0,Dehydrositagliptin (1) ,Rh(COD)2OTf ,L3 ,--,--,405.3,468.3,414.29,,,0.2135,0.0021,0.0064,,,100.0,1.0,3.0,,,86 mg ,1 mg ,2.6 mg ,--,--
KK-283,70.0,30.0,MeOH:TFE (70:30),24.0,13.0,76.0,Dehydrositagliptin (1) ,Rh(COD)2OTf ,L3 ,--,--,405.3,468.3,414.29,,,0.2135,0.0021,0.0064,,,100.0,1.0,3.0,,,86 mg ,1 mg ,2.6 mg ,--,--
KK-284,70.0,30.0,MeOH:TFE (60:40),24.0,20.0,87.0,Dehydrositagliptin (1) ,Rh(COD)2OTf ,L3 ,--,--,405.3,468.3,414.29,,,0.2135,0.0021,0.0064,,,100.0,1.0,3.0,,,86 mg ,1 mg ,2.6 mg ,--,--
KK-285,70.0,30.0,MeOH:TFE (50:50),24.0,37.0,61.0,Dehydrositagliptin (1) ,Rh(COD)2OTf ,L3 ,--,--,405.3,468.3,414.29,,,0.2135,0.0021,0.0064,,,100.0,1.0,3.0,,,86 mg ,1 mg ,2.6 mg ,--,--
KK-286,70.0,30.0,ethanol,24.0,0.0,0.0,Dehydrositagliptin (1) ,Rh(COD)2OTf ,L3 ,--,--,405.3,468.3,414.29,,,0.2135,0.0021,0.0021,,,100.0,1.0,1.0,,,86 mg ,1 mg ,0.9 mg ,--,--
KK-287,70.0,30.0,ethanol,24.0,0.0,0.0,Dehydrositagliptin (1) ,Rh(COD)2OTf ,L3 ,Ammonium chloride ,--,405.3,468.3,414.29,53.49,,0.2135,0.0021,0.0021,0.0021,,100.0,1.0,1.0,1.0,,86 mg ,1 mg ,0.9 mg ,0.1 mg ,--
KK-288,70.0,30.0,methanol,24.0,0.0,0.0,Dehydrositagliptin (1) ,Rh(COD)2OTf ,L3 ,Phosphoric acid ,--,405.3,468.3,414.29,97.99,,0.2135,0.0021,0.0021,0.0021,,100.0,1.0,1.0,1.0,,86 mg ,1 mg ,0.9 mg ,0.2 mg ,--
KK-290,70.0,30.0,Acetonitrile,18.0,0.0,0.0,Dehydrositagliptin (1) ,Rh(COD)2OTf ,L3 ,--,--,405.3,468.3,414.29,,,0.2135,0.0021,0.0021,,,100.0,1.0,1.0,,,86 mg ,1 mg ,0.9 mg ,--,--
KK-291,70.0,30.0,Acetonitrile,18.0,0.0,0.0,Dehydrositagliptin (1) ,Rh(COD)2OTf ,L3 ,Ammonium chloride ,--,405.3,468.3,414.29,53.49,,0.2135,0.0021,0.0021,0.0021,,100.0,1.0,1.0,1.0,,86 mg ,1 mg ,0.9 mg ,0.1 mg ,--
KK-292,70.0,30.0,Methanol,18.0,100.0,0.0,Dehydrositagliptin (1) ,Rh(COD)2OTf ,L3 ,Phosphoric acid ,--,405.3,468.3,414.29,97.99,,0.2135,0.0021,0.0021,0.2135,,100.0,1.0,1.0,100.0,,86 mg ,1 mg ,0.9 mg ,20 mg ,--
KK-293,70.0,30.0,isopropyl alcohol,18.0,0.0,0.0,Dehydrositagliptin (1) ,Rh(COD)2OTf ,L3 ,--,--,405.3,468.3,414.29,,,0.2135,0.0021,0.0021,,,100.0,1.0,1.0,,,86 mg ,1 mg ,0.9 mg ,--,--
KK-294,70.0,30.0,isopropyl alcohol,18.0,0.0,0.0,Dehydrositagliptin (1) ,Rh(COD)2OTf ,L3 ,Ammonium chloride ,--,405.3,468.3,414.29,53.49,,0.2135,0.0021,0.0021,0.0021,,100.0,1.0,1.0,1.0,,86 mg ,1 mg ,0.9 mg ,0.1 mg ,--
KK-295,70.0,30.0,methanol,18.0,0.0,0.0,Dehydrositagliptin (1) ,Rh(COD)2OTf ,L3 ,Ammonium chloride ,--,405.3,468.3,414.29,53.49,,0.2135,0.0021,0.0021,0.0021,,100.0,1.0,1.0,1.0,,86 mg ,1 mg ,0.9 mg ,0.1 mg ,--
KK-296,70.0,30.0,methanol,24.0,32.0,79.0,Dehydrositagliptin (1) ,Rh(COD)2OTf ,L11 ,--,--,405.3,468.3,470.39,,,0.2135,0.0021,0.0021,,,100.0,1.0,1.0,,,86 mg ,1 mg ,1 mg ,--,--
KK-297,70.0,30.0,methanol,24.0,26.0,84.0,Dehydrositagliptin (1) ,Rh(COD)2OTf ,L11 ,Ammonium chloride ,--,405.3,468.3,470.39,53.49,,0.2135,0.0021,0.0021,0.0021,,100.0,1.0,1.0,1.0,,86 mg ,1 mg ,1 mg ,0.1 mg ,--
KK-298,70.0,30.0,methanol,24.0,19.0,85.0,Dehydrositagliptin (1) ,Rh(COD)2OTf ,L11 ,Acetic acid ,--,405.3,468.3,470.39,60.05,,0.2135,0.0021,0.0021,0.0021,,100.0,1.0,1.0,1.0,,86 mg ,1 mg ,1 mg ,0.1 mg ,--
KK-299,70.0,30.0,methanol,24.0,29.0,86.0,Dehydrositagliptin (1) ,Rh(COD)2OTf ,L11 ,Phosphoric acid ,--,405.3,468.3,470.39,97.99,,0.2135,0.0021,0.0021,0.0021,,100.0,1.0,1.0,1.0,,86 mg ,1 mg ,1 mg ,0.2 mg ,--
KK-300,70.0,30.0,methanol,24.0,69.0,85.0,Dehydrositagliptin (1) ,Rh(COD)2OTf ,L11 ,Salicylic acid ,--,405.3,468.3,470.39,138.12,,0.2135,0.0021,0.0021,0.2135,,100.0,1.0,1.0,100.0,,86 mg ,1 mg ,1 mg ,29 mg ,--
KK-301,25.0,30.0,methanol:TFE (20:80),24.0,0.0,0.0,Dehydrositagliptin (1) ,Rh(COD)2OTf ,L11 ,--,--,405.3,468.3,470.39,,,0.2135,0.0021,0.0021,,,100.0,1.0,1.0,,,86 mg ,1 mg ,1 mg ,--,--
KK-302,70.0,30.0,methanol,24.0,30.0,81.0,Dehydrositagliptin (1) ,Rh(COD)2OTf ,L11 ,Ammonium chloride ,--,405.3,468.3,470.39,53.49,,0.2135,0.0021,0.0043,0.0021,,100.0,1.0,2.0,1.0,,86 mg ,1 mg ,2 mg ,0.1 mg ,--
KK-303,70.0,30.0,methanol,24.0,35.0,2.0,Dehydrositagliptin (1) ,Rh(COD)2OTf ,L11 ,Ammonium chloride ,--,405.3,468.3,470.39,53.49,,0.2135,0.0021,0.0063,0.0021,,100.0,1.0,3.0,1.0,,86 mg ,1 mg ,3 mg ,0.1 mg ,--
KK-304,70.0,30.0,methanol,24.0,8.0,87.0,Dehydrositagliptin (1) ,Rh(COD)2OTf ,L11 ,Ammonium chloride ,--,405.3,468.3,470.39,53.49,,0.2135,0.0021,0.0084,0.0021,,100.0,1.0,4.0,1.0,,86 mg ,1 mg ,4 mg ,0.1 mg ,--
KK-305,70.0,30.0,methanol,24.0,5.0,83.0,Dehydrositagliptin (1) ,Rh(COD)2OTf ,L11 ,Ammonium chloride ,--,405.3,468.3,470.39,53.49,,0.2135,0.0021,0.0105,0.0021,,100.0,1.0,5.0,1.0,,86 mg ,1 mg ,5 mg ,0.1 mg ,--
KK-306,80.0,30.0,methanol,24.0,0.0,0.0,Dehydrositagliptin (1) ,Rh(COD)2OTf ,L3 ,--,--,405.3,468.3,414.3,,,0.2135,0.0021,0.0021,,,100.0,1.0,1.0,,,86 mg ,1 mg ,0.9 mg ,--,--
KK-307,80.0,30.0,methanol,24.0,27.0,79.0,Dehydrositagliptin (1) ,Rh(COD)2OTf ,L3 ,Ammonium chloride ,--,405.3,468.3,414.3,53.49,,0.2135,0.0021,0.0021,0.0021,,100.0,1.0,1.0,1.0,,86 mg ,1 mg ,0.9 mg ,0.1 mg ,--
KK-308,80.0,30.0,methanol,24.0,23.0,84.0,Dehydrositagliptin (1) ,Rh(COD)2OTf ,L3 ,Phosphoric acid ,--,405.3,468.3,414.3,97.99,,0.2135,0.0021,0.0021,0.0021,,100.0,1.0,1.0,1.0,,86 mg ,1 mg ,0.9 mg ,0.2 mg ,--
KK-309,80.0,30.0,methanol,24.0,43.0,84.0,Dehydrositagliptin (1) ,Rh(COD)2OTf ,L3 ,Acetic acid ,--,405.3,468.3,414.3,60.05,,0.2135,0.0021,0.0021,0.0021,,100.0,1.0,1.0,1.0,,86 mg ,1 mg ,0.9 mg ,0.1 mg ,--
KK-310,80.0,30.0,methanol,24.0,90.0,87.0,Dehydrositagliptin (1) ,Rh(COD)2OTf ,L3 ,Salicylic acid ,--,405.3,468.3,414.3,138.12,,0.2135,0.0021,0.0021,0.2135,,100.0,1.0,1.0,100.0,,86 mg ,1 mg ,0.9 mg ,29 mg ,--
KK-311,80.0,30.0,methanol,24.0,22.0,0.0,Dehydrositagliptin (1) ,Rh(COD)2OTf ,L11 ,--,--,405.3,468.3,470.39,,,0.2135,0.0021,0.0021,,,100.0,1.0,1.0,,,86 mg ,1 mg ,1 mg ,--,--
KK-312,80.0,30.0,methanol,24.0,31.0,84.0,Dehydrositagliptin (1) ,Rh(COD)2OTf ,L11 ,Ammonium chloride ,--,405.3,468.3,470.39,53.49,,0.2135,0.0021,0.0021,0.0021,,100.0,1.0,1.0,1.0,,86 mg ,1 mg ,1 mg ,0.1 mg ,--
KK-313,80.0,30.0,Methanol,24.0,87.0,0.0,Dehydrositagliptin (1) ,Rh(COD)2OTf ,L11 ,Phosphoric acid ,--,405.3,468.3,470.39,97.99,,0.2135,0.0021,0.0021,0.0021,,100.0,1.0,1.0,1.0,,86 mg ,1 mg ,1 mg ,0.2 mg ,--
KK-314,80.0,30.0,Methanol,24.0,57.0,84.0,Dehydrositagliptin (1) ,Rh(COD)2OTf ,L11 ,Acetic acid ,--,405.3,468.3,470.39,60.05,,0.2135,0.0021,0.0021,0.0021,,100.0,1.0,1.0,1.0,,86 mg ,1 mg ,1 mg ,0.1mg ,--
KK-315,70.0,30.0,Methanol,24.0,95.0,83.0,Dehydrositagliptin (1) ,Rh(COD)2OTf ,L11 ,Salicylic acid ,--,405.3,468.3,470.39,138.12,,0.2135,0.0021,0.0021,0.2135,,100.0,1.0,1.0,100.0,,86 mg ,1 mg ,1 mg ,29 mg ,--
KK-316,80.0,30.0,Methanol,24.0,95.0,85.0,Dehydrositagliptin (1) ,Rh(COD)2OTf ,L11 ,Salicylic acid ,--,405.3,468.3,470.39,138.12,,0.2135,0.0021,0.0021,0.105,,100.0,1.0,1.0,50.0,,86 mg ,1 mg ,1 mg ,15 mg ,--
KK-317,80.0,30.0,Methanol,24.0,98.0,84.0,Dehydrositagliptin (1) ,Rh(COD)2OTf ,L11 ,Salicylic acid ,--,405.3,468.3,470.39,138.12,,0.2135,0.0021,0.0021,0.2135,,100.0,1.0,1.0,100.0,,86 mg ,1 mg ,1 mg ,29 mg ,--
KK-318,80.0,30.0,Methanol,24.0,64.0,85.0,Dehydrositagliptin (1) ,Rh(COD)2OTf ,L11 ,Salicylic acid ,--,405.3,468.3,470.39,138.12,,0.2135,0.0021,0.0021,0.315,,100.0,1.0,1.0,150.0,,86 mg ,1 mg ,1 mg ,45 mg ,--
KK-319,70.0,30.0,Methanol,14.0,99.0,82.0,Dehydrositagliptin (1) ,Rh(COD)2OTf ,L3 ,Ammonium chloride ,--,405.3,468.3,414.29,53.49,,0.2135,0.0063,0.0063,0.0063,,1.0,0.003,0.003,0.003,,86 mg ,3 mg ,2.7 mg ,0.3 mg ,--
KK-320,70.0,30.0,Methanol,14.0,99.0,87.0,Dehydrositagliptin (1) ,Rh(COD)2OTf ,L3 ,Ammonium chloride ,--,405.3,468.3,414.29,53.49,,0.2135,0.0085,0.0085,0.0085,,1.0,0.004,0.004,0.004,,86 mg ,4 mg ,3.5 mg ,0.4 mg ,--
KK-321,70.0,30.0,Methanol,14.0,99.0,85.0,Dehydrositagliptin (1) ,Rh(COD)2OTf ,L3 ,Ammonium chloride ,--,405.3,468.3,414.29,53.49,,0.2135,0.0106,0.0106,0.0106,,1.0,0.005,0.005,0.005,,86 mg ,5 mg ,4.4 mg ,0.6 mg ,--
KK-322,70.0,30.0,Methanol,12.0,66.0,84.0,Dehydrositagliptin (1) ,Rh(COD)2OTf ,L3 ,Ammonium chloride ,--,405.3,468.3,414.29,53.49,,0.2135,0.0021,0.0021,0.0021,,100.0,1.0,1.0,1.0,,86 mg ,1 mg ,0.9 mg ,0.1 mg ,--
KK-323,70.0,30.0,Methanol,12.0,89.0,88.0,Dehydrositagliptin (1) ,Rh(COD)2OTf ,L3 ,Ammonium chloride ,--,405.3,468.3,414.29,53.49,,0.2135,0.0042,0.0042,0.0042,,1.0,0.002,0.002,0.002,,86 mg ,2 mg ,1.8 mg ,0.2 mg ,--
KK-324,70.0,30.0,Methanol,12.0,90.0,80.0,Dehydrositagliptin (1) ,Rh(COD)2OTf ,L3 ,Ammonium chloride ,--,405.3,468.3,414.29,53.49,,0.2135,0.0063,0.0063,0.0063,,1.0,0.003,0.003,0.003,,86 mg ,3 mg ,2.7 mg ,0.3 mg ,--
KK-325,70.0,30.0,Methanol,12.0,99.0,84.0,Dehydrositagliptin (1) ,Rh(COD)2OTf ,L3 ,Ammonium chloride ,--,405.3,468.3,414.29,53.49,,0.2135,0.0085,0.0085,0.0085,,1.0,0.004,0.004,0.004,,86 mg ,4 mg ,3.5 mg ,0.4 mg ,--
KK-326,70.0,30.0,Methanol,12.0,99.0,85.0,Dehydrositagliptin (1) ,Rh(COD)2OTf ,L3 ,Ammonium chloride ,--,405.3,468.3,414.29,53.49,,0.2135,0.0106,0.0106,0.0106,,1.0,0.005,0.005,0.005,,86 mg ,5 mg ,4.4 mg ,0.6 mg ,--
KK-327,70.0,30.0,Methanol,12.0,22.0,80.0,Dehydrositagliptin (1) ,Rh(COD)2OTf ,L3 ,Ammonium chloride ,--,405.3,468.3,414.29,53.49,,0.2135,0.0021,0.0021,0.0021,,1.0,0.0005,0.0005,0.0005,,172 mg ,1 mg ,0.9 mg ,0.1 mg ,--
KK-328,70.0,30.0,Methanol,12.0,0.0,0.0,Dehydrositagliptin (1) ,Rh(COD)2OTf ,L3 ,Ammonium chloride ,--,405.3,468.3,414.29,53.49,,0.2135,0.0021,0.0021,0.0021,,1.0,0.0005,0.0005,0.0005,,172 mg ,1 mg ,0.9 mg ,0.1 mg ,--
KK-329,70.0,30.0,Methanol,6.0,0.0,0.0,Dehydrositagliptin (1) ,Rh(COD)2OTf ,L3 ,Ammonium chloride ,--,405.3,468.3,414.29,53.49,,0.2135,0.0021,0.0021,0.0021,,100.0,1.0,1.0,1.0,,86 mg ,1 mg ,0.9 mg ,0.1 mg ,--
KK-330,70.0,30.0,Methanol,6.0,59.0,84.0,Dehydrositagliptin (1) ,Rh(COD)2OTf ,L3 ,Ammonium chloride ,--,405.3,468.3,414.29,53.49,,0.2135,0.0042,0.0042,0.0042,,1.0,0.002,0.002,0.002,,86 mg ,2 mg ,1.8 mg ,0.2 mg ,--
KK-331,70.0,30.0,Methanol,6.0,84.0,87.0,Dehydrositagliptin (1) ,Rh(COD)2OTf ,L3 ,Ammonium chloride ,--,405.3,468.3,414.29,53.49,,0.2135,0.0063,0.0063,0.0063,,1.0,0.003,0.003,0.003,,86 mg ,3 mg ,2.7 mg ,0.3 mg ,--
KK-332,70.0,30.0,Methanol,6.0,93.0,84.0,Dehydrositagliptin (1) ,Rh(COD)2OTf ,L3 ,Ammonium chloride ,--,405.3,468.3,414.29,53.49,,0.2135,0.0085,0.0085,0.0085,,1.0,0.004,0.004,0.004,,86 mg ,4 mg ,3.5 mg ,0.4 mg ,--
KK-333,70.0,30.0,Methanol,6.0,91.0,83.0,Dehydrositagliptin (1) ,Rh(COD)2OTf ,L3 ,Ammonium chloride ,--,405.3,468.3,414.29,53.49,,0.2135,0.0106,0.0106,0.0106,,1.0,0.005,0.005,0.005,,86 mg ,5 mg ,4.4 mg ,0.6 mg ,--
KK-334,70.0,30.0,Methanol,6.0,15.0,79.0,Dehydrositagliptin (1) ,Rh(COD)2OTf ,L11 ,Ammonium chloride ,--,405.3,468.3,470.49,53.49,,0.2135,0.0021,0.0021,0.0021,,100.0,1.0,1.0,1.0,,86 mg ,1 mg ,1 mg ,0.1 mg ,--
KK-335,70.0,30.0,Methanol,6.0,16.0,85.0,Dehydrositagliptin (1) ,Rh(COD)2OTf ,L11 ,Ammonium chloride ,--,405.3,468.3,470.49,53.49,,0.2135,0.0042,0.0042,0.0042,,1.0,0.002,0.002,0.002,,86 mg ,2 mg ,2 mg ,0.2 mg ,--
KK-336,70.0,30.0,Methanol,6.0,59.0,83.0,Dehydrositagliptin (1) ,Rh(COD)2OTf ,L11 ,Ammonium chloride ,--,405.3,468.3,470.49,53.49,,0.2135,0.0063,0.0063,0.0063,,1.0,0.003,0.003,0.003,,86 mg ,3 mg ,3 mg ,0.3 mg ,--
KK-337,70.0,30.0,Methanol,6.0,67.0,81.0,Dehydrositagliptin (1) ,Rh(COD)2OTf ,L11 ,Ammonium chloride ,--,405.3,468.3,470.49,53.49,,0.2135,0.0085,0.0085,0.0085,,1.0,0.004,0.004,0.004,,86 mg ,4 mg ,4 mg ,0.4 mg ,--
KK-338,70.0,30.0,Methanol,6.0,84.0,86.0,Dehydrositagliptin (1) ,Rh(COD)2OTf ,L11 ,Ammonium chloride ,--,405.3,468.3,470.49,53.49,,0.2135,0.0106,0.0106,0.0106,,1.0,0.005,0.005,0.005,,86 mg ,5 mg ,5 mg ,0.6 mg ,--
KK-339,70.0,40.0,Methanol,12.0,22.0,83.0,Dehydrositagliptin (1) ,Rh(COD)2OTf ,L3 ,Ammonium chloride ,--,405.3,468.3,414.29,53.49,,0.2135,0.0021,0.0021,0.021,,100.0,1.0,1.0,10.0,,86 mg ,1 mg ,0.9 mg ,1 mg ,--
KK-340,70.0,40.0,Methanol,12.0,15.0,93.0,Dehydrositagliptin (1) ,Rh(COD)2OTf ,L3 ,Ammonium chloride ,--,405.3,468.3,414.29,53.49,,0.2135,0.0021,0.0042,0.021,,100.0,1.0,2.0,10.0,,86 mg ,1 mg ,1.8 mg ,1 mg ,--
KK-341,70.0,40.0,Methanol,12.0,7.0,80.0,Dehydrositagliptin (1) ,Rh(COD)2OTf ,L11 ,Ammonium chloride ,--,405.3,468.3,470.49,53.49,,0.2135,0.0021,0.0021,0.021,,100.0,1.0,1.0,10.0,,86 mg ,1 mg ,1 mg ,1 mg ,--
KK-342,70.0,40.0,Methanol,12.0,55.0,84.0,Dehydrositagliptin (1) ,Rh(COD)2OTf ,L11 ,Ammonium chloride ,--,405.3,468.3,470.49,53.49,,0.2135,0.0021,0.0042,0.021,,100.0,1.0,2.0,10.0,,86 mg ,1 mg ,2 mg ,1 mg ,--
KK-343,70.0,30.0,Methanol,12.0,20.0,89.0,Dehydrositagliptin (1) ,Rh(COD)2OTf ,L3 ,Ammonium chloride ,--,405.3,468.3,414.29,53.49,,0.2135,0.0021,0.0021,0.021,,100.0,1.0,1.0,10.0,,86 mg ,1 mg ,0.9 mg ,1 mg ,--
KK-344,70.0,30.0,Methanol,12.0,44.0,85.0,Dehydrositagliptin (1) ,Rh(COD)2OTf ,L3 ,Ammonium chloride ,--,405.3,468.3,414.29,53.49,,0.2135,0.0021,0.0021,0.021,,100.0,1.0,1.0,10.0,,86 mg ,1 mg ,0.9 mg ,1 mg ,--
KK-345,70.0,40.0,Methanol,12.0,31.0,86.0,Dehydrositagliptin (1) ,Rh(COD)2OTf ,L3 ,Ammonium chloride ,--,405.3,468.3,414.29,53.49,,0.2135,0.0021,0.0021,0.021,,100.0,1.0,1.0,10.0,,86 mg ,1 mg ,0.9 mg ,1 mg ,--
KK-346,70.0,30.0,Methanol,12.0,74.0,86.0,Dehydrositagliptin (1) ,Rh(COD)2OTf ,L3 ,Ammonium chloride ,--,405.3,468.3,414.29,53.49,,0.2135,0.0021,0.0042,0.021,,100.0,1.0,2.0,10.0,,86 mg ,1 mg ,1.8 mg ,1 mg ,--
KK-347,70.0,30.0,Methanol,12.0,18.0,84.0,Dehydrositagliptin (1) ,Rh(COD)2OTf ,L11 ,Ammonium chloride ,--,405.3,468.3,414.29,53.49,,0.2135,0.0021,0.0021,0.021,,100.0,1.0,1.0,10.0,,86 mg ,1 mg ,1 mg ,1 mg ,--
KK-348,70.0,30.0,Methanol,12.0,18.0,83.0,Dehydrositagliptin (1) ,Rh(COD)2OTf ,L11 ,Ammonium chloride ,--,405.3,468.3,414.29,53.49,,0.2135,0.0021,0.0042,0.021,,100.0,1.0,2.0,10.0,,86 mg ,1 mg ,2 mg ,1 mg ,--
KK-349,70.0,30.0,Methanol,24.0,50.0,83.0,Dehydrositagliptin (1) ,Rh(COD)2OTf ,L3 ,Boric acid ,--,405.3,468.3,414.29,61.83,,0.2135,0.0021,0.0021,0.0215,,100.0,1.0,1.0,10.0,,86 mg ,1 mg ,0.9 mg ,1.3 mg ,--
KK-350,70.0,30.0,Methanol,24.0,86.0,84.0,Dehydrositagliptin (1) ,Rh(COD)2OTf ,L3 ,Potassium bisulphate ,--,405.3,468.3,414.29,136.17,,0.2135,0.0021,0.0021,0.042,,100.0,1.0,2.0,20.0,,86 mg ,1 mg ,1.8 mg ,5.8 mg ,--
KK-351,70.0,30.0,Methanol,24.0,81.0,82.0,Dehydrositagliptin (1) ,Rh(COD)2OTf ,L11 ,Potassium bisulphate ,--,405.3,468.3,470.39,136.17,,0.2135,0.0021,0.0021,0.042,,100.0,1.0,1.0,20.0,,86 mg ,1 mg ,1 mg ,5.8 mg ,--
KK-352,70.0,30.0,Methanol,24.0,73.0,81.0,Dehydrositagliptin (1) ,Rh(COD)2OTf ,L11 ,Boric acid ,--,405.3,468.3,470.39,61.83,,0.2135,0.0021,0.0042,0.0213,,100.0,1.0,2.0,10.0,,86 mg ,1 mg ,2 mg ,1.3 mg ,--
KK-353,70.0,30.0,Methanol,24.0,0.0,0.0,Dehydrositagliptin (1) ,Rh(COD)2OTf ,L3 ,Boric acid ,--,405.3,468.3,414.29,61.83,,0.2135,0.0021,0.0021,0.0215,,100.0,1.0,1.0,10.0,,86 mg ,1 mg ,0.9 mg ,1.3 mg ,--
KK-355,70.0,50.0,Methanol,24.0,65.0,83.0,Dehydrositagliptin (1) ,Rh(COD)2OTf ,L3 ,Ammonium chloride ,--,405.3,468.3,414.29,53.49,,0.2135,0.0021,0.0021,0.0215,,100.0,1.0,1.0,10.0,,86 mg ,1 mg ,0.9 mg ,1 mg ,--
KK-356,75.0,30.0,methanol,24.0,65.0,85.0,Dehydrositagliptin (1) ,Rh(COD)2OTf ,L3 ,Phosphoric acid ,--,405.3,468.3,414.29,97.99,,2.477,0.0247,0.0247,0.1238,,1.0,0.001,0.001,0.005,,1000 mg ,12 mg ,11 mg ,12 mg ,--
KK-357,70.0,30.0,Methanol,24.0,0.0,0.0,Dehydrositagliptin (1) ,Rh(COD)2OTf ,L3 ,Ammonium chloride ,--,405.3,468.3,414.29,53.49,,0.2135,0.0021,0.0021,0.0215,,100.0,1.0,1.0,10.0,,86 mg ,1 mg ,0.9 mg ,1 mg ,--
KK-358,70.0,30.0,Methanol,24.0,0.0,0.0,Dehydrositagliptin (1) ,Rh(COD)2OTf ,L11 ,Ammonium chloride ,--,405.3,468.3,414.29,53.49,,0.2135,0.0021,0.0021,0.0215,,100.0,1.0,1.0,10.0,,86 mg ,1 mg ,1 mg ,1 mg ,--
KK-360,70.0,30.0,Methanol,24.0,88.0,96.0,Dehydrositagliptin (1) ,Rh(COD)2OTf ,tBu-Josiphos ,Ammonium chloride ,--,405.3,468.3,542.45,53.49,,0.2135,0.0021,0.0021,0.0213,,100.0,1.0,1.0,10.0,,86 mg ,1 mg ,1.1 mg ,1 mg ,--
KK-361,70.0,30.0,Methanol,24.0,97.0,96.0,Dehydrositagliptin (1) ,Rh(COD)2OTf ,tBu-Josiphos ,Ammonium chloride ,--,405.3,468.3,542.45,53.49,,0.2135,0.0021,0.0021,0.0213,,100.0,1.0,1.0,10.0,,86 mg ,1 mg ,1.1 mg ,1 mg ,--
KK-363,70.0,30.0,methanol,24.0,34.0,56.0,Dehydrositagliptin (1) ,Rh(COD)2OTf ,L3 ,Phosphoric acid ,--,405.3,468.3,414.29,97.99,,2.477,0.0247,0.0247,0.3715,,1.0,0.001,0.001,0.015,,1000 mg ,12 mg ,11 mg ,36 mg ,--
KK-364,65.0,30.0,methanol,24.0,80.0,82.0,Dehydrositagliptin (1) ,Rh(COD)2OTf ,L3 ,Phosphoric acid ,--,405.3,468.3,414.29,97.99,,24.673,0.2467,0.2467,3.7009,,1.0,0.001,0.001,0.015,,"10,000 mg ",115 mg ,102 mg ,362 mg ,--
KK-366,50.0,30.0,methanol,24.0,34.0,83.0,Dehydrositagliptin (1) ,Rh(COD)2OTf ,L3 ,Phosphoric acid ,--,405.3,468.3,414.29,97.99,,12.3365,0.1233,0.1233,1.8504,,1.0,0.001,0.001,0.015,,"5,000 mg ",57 mg ,51 mg ,181 mg ,--
KK-367,70.0,30.0,methanol,24.0,0.0,0.0,Dehydrositagliptin (1) ,Rh(COD)2OTf ,L3 ,Phosphoric acid ,--,405.3,468.3,414.29,97.99,,0.2413,0.0024,0.0024,0.2413,,100.0,1.0,1.0,100.0,,98 mg ,1.1 mg ,1 mg ,24 mg ,--
KK-369,,,--,,80.0,,Sitagliptin ,Phosphoric acid ,--,--,--,407.32,97.99,,,,2.946,3.5353,,,,1.0,1.2,,,,1200 mg ,346 mg ,--,--,--
KK-370,70.0,30.0,Methanol,18.0,0.0,0.0,Dehydrositagliptin (1) ,Rh(COD)2OTf ,L12 ,Ammonium chloride ,--,405.3,468.3,526.51,53.49,,0.2135,0.0021,0.0021,0.0215,,100.0,1.0,1.0,10.0,,86 mg ,1 mg ,1.1 mg ,1 mg ,--
KK-371,70.0,30.0,Methanol,18.0,70.0,90.0,Dehydrositagliptin (1) ,Rh(COD)2OTf ,L12 ,Salicylic acid ,--,405.3,468.3,526.51,138.12,,0.2135,0.0021,0.0021,0.2135,,100.0,1.0,1.0,100.0,,86 mg ,1 mg ,1.1 mg ,29 mg ,--
KK-372,70.0,30.0,Methanol,18.0,95.0,78.0,Dehydrositagliptin (1) ,Rh(COD)2OTf ,L12 ,Phosphoric acid ,--,405.3,468.3,526.51,97.99,,0.2135,0.0021,0.0021,0.427,,100.0,1.0,1.0,200.0,,86 mg ,1 mg ,1.1 mg ,42 mg ,--
KK-373,60.0,30.0,Methanol,18.0,5.0,88.0,Dehydrositagliptin (1) ,Rh(COD)2OTf ,L12 ,Ammonium chloride ,--,405.3,468.3,526.51,53.49,,0.2135,0.0021,0.0021,0.0215,,100.0,1.0,1.0,10.0,,86 mg ,1 mg ,1.1 mg ,1 mg ,--
KK-374,60.0,30.0,Methanol,18.0,4.0,87.0,Dehydrositagliptin (1) ,Rh(COD)2OTf ,L12 ,Phosphoric acid ,--,405.3,468.3,526.51,97.99,,0.2135,0.0021,0.0021,0.2135,,100.0,1.0,1.0,100.0,,86 mg ,1 mg ,1.1 mg ,20 mg ,--
KK-375,60.0,30.0,Methanol,18.0,58.0,90.0,Dehydrositagliptin (1) ,Rh(COD)2OTf ,L12 ,Salicylic acid ,--,405.3,468.3,526.51,138.12,,0.2135,0.0021,0.0021,0.2135,,100.0,1.0,1.0,100.0,,86 mg ,1 mg ,1.1 mg ,29 mg ,--
KK-376,60.0,30.0,Methanol,18.0,5.0,80.0,Dehydrositagliptin (1) ,Rh(COD)2OTf ,L12 ,--,--,405.3,468.3,526.51,,,0.2135,0.0021,0.0021,,,100.0,1.0,1.0,,,86 mg ,1 mg ,1.1 mg ,--,--
KK-378,70.0,30.0,Methanol,18.0,90.0,90.0,Dehydrositagliptin (1) ,Rh(COD)2OTf ,L12 ,Salicylic acid ,--,405.3,468.3,526.51,138.12,,0.2135,0.0021,0.0042,0.2135,,100.0,1.0,2.0,100.0,,86 mg ,1 mg ,2.2 mg ,29 mg ,--
KK-379,70.0,30.0,Methanol,18.0,90.0,92.0,Dehydrositagliptin (1) ,Rh(COD)2OTf ,L12 ,Salicylic acid ,--,405.3,468.3,526.51,138.12,,0.2135,0.0021,0.0063,0.2135,,100.0,1.0,3.0,100.0,,86 mg ,1 mg ,3.3 mg ,29 mg ,--
KK-380,70.0,30.0,Methanol,18.0,95.0,92.0,Dehydrositagliptin (1) ,Rh(COD)2OTf ,L12 ,Salicylic acid ,--,405.3,468.3,526.51,138.12,,0.2135,0.0021,0.0084,0.2135,,100.0,1.0,4.0,100.0,,86 mg ,1 mg ,4.4 mg ,29 mg ,--
KK-381,70.0,30.0,Methanol,18.0,50.0,84.0,Dehydrositagliptin (1) ,Rh(COD)2OTf ,L12 ,Salicylic acid ,--,405.3,468.3,526.51,138.12,,0.2135,0.0021,0.0021,0.105,,100.0,1.0,1.0,50.0,,86 mg ,1 mg ,1.1 mg ,15 mg ,--
KK-382,70.0,30.0,Methanol,18.0,95.0,92.0,Dehydrositagliptin (1) ,Rh(COD)2OTf ,L12 ,Salicylic acid ,--,405.3,468.3,526.51,138.12,,0.2135,0.0021,0.0021,0.315,,100.0,1.0,1.0,150.0,,86 mg ,1 mg ,1.1 mg ,44 mg ,--
KK-383,70.0,30.0,Methanol,18.0,95.0,92.0,Dehydrositagliptin (1) ,Rh(COD)2OTf ,L12 ,Salicylic acid ,--,405.3,468.3,526.51,138.12,,0.2135,0.0021,0.0021,0.42,,100.0,1.0,1.0,200.0,,86 mg ,1 mg ,1.1 mg ,59 mg ,--
KK-384,70.0,30.0,Methanol,18.0,95.0,92.0,Dehydrositagliptin (1) ,Rh(COD)2OTf ,L12 ,Salicylic acid ,--,405.3,468.3,526.51,138.12,,0.2135,0.0021,0.0042,0.42,,100.0,1.0,2.0,200.0,,86 mg ,1 mg ,2.2 mg ,59 mg ,--
KK-385,70.0,30.0,Methanol,18.0,95.0,92.0,Dehydrositagliptin (1) ,Rh(COD)2OTf ,L12 ,Salicylic acid ,--,405.3,468.3,526.51,138.12,,0.2135,0.0021,0.0063,0.42,,100.0,1.0,3.0,200.0,,86 mg ,1 mg ,3.3 mg ,59 mg ,--
KK-386,60.0,30.0,Methanol,18.0,95.0,94.0,Dehydrositagliptin (1) ,Rh(COD)2OTf ,L12 ,Salicylic acid ,--,405.3,468.3,526.51,138.12,,0.2135,0.0021,0.0042,0.42,,100.0,1.0,2.0,200.0,,86 mg ,1 mg ,2.2 mg ,59 mg ,--
KK-387,60.0,30.0,Methanol,18.0,95.0,94.0,Dehydrositagliptin (1) ,Rh(COD)2OTf ,L12 ,Salicylic acid ,--,405.3,468.3,526.51,138.12,,0.2135,0.0021,0.0063,0.42,,100.0,1.0,3.0,200.0,,86 mg ,1 mg ,3.3 mg ,59 mg ,--
KK-388,50.0,30.0,Methanol,18.0,90.0,95.0,Dehydrositagliptin (1) ,Rh(COD)2OTf ,L12 ,Salicylic acid ,--,405.3,468.3,526.51,138.12,,0.2135,0.0021,0.0042,0.42,,100.0,1.0,2.0,200.0,,86 mg ,1 mg ,2.2 mg ,59 mg ,--
KK-389,50.0,30.0,Methanol,18.0,80.0,95.0,Dehydrositagliptin (1) ,Rh(COD)2OTf ,L12 ,Salicylic acid ,--,405.3,468.3,526.51,138.12,,0.2135,0.0021,0.0025,0.42,,100.0,1.0,1.2,200.0,,86 mg ,1 mg ,1.3 mg ,59 mg ,--
KK-390,50.0,30.0,Methanol,18.0,85.0,95.0,Dehydrositagliptin (1) ,Rh(COD)2OTf ,L12 ,Salicylic acid ,--,405.3,468.3,526.51,138.12,,0.2135,0.0021,0.0063,0.42,,100.0,1.0,3.0,200.0,,86 mg ,1 mg ,3.3 mg ,59 mg ,--
KK-391,45.0,30.0,Methanol,18.0,90.0,95.0,Dehydrositagliptin (1) ,Rh(COD)2OTf ,L12 ,Salicylic acid ,--,405.3,468.3,526.51,138.12,,0.2135,0.0021,0.0025,0.42,,100.0,1.0,1.2,200.0,,86 mg ,1 mg ,1.3 mg ,59 mg ,--
KK-392,45.0,30.0,Methanol,18.0,85.0,96.0,Dehydrositagliptin (1) ,Rh(COD)2OTf ,L12 ,Salicylic acid ,--,405.3,468.3,526.51,138.12,,0.2135,0.0021,0.0042,0.42,,100.0,1.0,2.0,200.0,,86 mg ,1 mg ,2.2 mg ,59 mg ,--
KK-393,45.0,30.0,Methanol,18.0,0.0,0.0,Dehydrositagliptin (1) ,Rh(COD)2OTf ,L12 ,Salicylic acid ,--,405.3,468.3,526.51,138.12,,0.2135,0.0021,0.0063,0.42,,100.0,1.0,3.0,200.0,,86 mg ,1 mg ,3.3 mg ,59 mg ,--
KK-394,40.0,30.0,Methanol,24.0,0.0,0.0,Dehydrositagliptin (1) ,Rh(COD)2OTf ,L12 ,Salicylic acid ,--,405.3,468.3,526.51,138.12,,0.2135,0.0021,0.0025,0.42,,100.0,1.0,1.2,200.0,,86 mg ,1 mg ,1.3 mg ,59 mg ,--
KK-395,40.0,30.0,Methanol,24.0,60.0,95.0,Dehydrositagliptin (1) ,Rh(COD)2OTf ,L12 ,Salicylic acid ,--,405.3,468.3,526.51,138.12,,0.2135,0.0021,0.0042,0.42,,100.0,1.0,2.0,200.0,,86 mg ,1 mg ,2.2 mg ,59 mg ,--
KK-396,40.0,30.0,Methanol,24.0,40.0,96.0,Dehydrositagliptin (1) ,Rh(COD)2OTf ,L12 ,Salicylic acid ,--,405.3,468.3,526.51,138.12,,0.2135,0.0021,0.0063,0.42,,100.0,1.0,3.0,200.0,,86 mg ,1 mg ,3.3 mg ,59 mg ,--
KK-397,40.0,30.0,Methanol,24.0,5.0,96.0,Dehydrositagliptin (1) ,Rh(COD)2OTf ,L12 ,Salicylic acid ,--,405.3,468.3,526.51,138.12,,0.2135,0.0021,0.0025,0.42,,100.0,1.0,1.2,200.0,,86 mg ,1 mg ,1.3 mg ,59 mg ,--
KK-398,40.0,30.0,Methanol,24.0,5.0,95.0,Dehydrositagliptin (1) ,Rh(COD)2OTf ,L12 ,Salicylic acid ,--,405.3,468.3,526.51,138.12,,0.2135,0.0021,0.0042,0.42,,100.0,1.0,2.0,200.0,,86 mg ,1 mg ,2.2 mg ,59 mg ,--
KK-399,40.0,30.0,Methanol,24.0,35.0,95.0,Dehydrositagliptin (1) ,Rh(COD)2OTf ,L12 ,Salicylic acid ,--,405.3,468.3,526.51,138.12,,0.2135,0.0021,0.0063,0.42,,100.0,1.0,3.0,200.0,,86 mg ,1 mg ,3.3 mg ,59 mg ,--
KK-400,35.0,30.0,Methanol,18.0,5.0,95.0,Dehydrositagliptin (1) ,Rh(COD)2OTf ,L12 ,Salicylic acid ,--,405.3,468.3,526.51,138.12,,0.2135,0.0021,0.0025,0.42,,100.0,1.0,1.2,200.0,,86 mg ,1 mg ,1.3 mg ,59 mg ,--
KK-401,35.0,30.0,Methanol,18.0,5.0,96.0,Dehydrositagliptin (1) ,Rh(COD)2OTf ,L12 ,Salicylic acid ,--,405.3,468.3,526.51,138.12,,0.2135,0.0021,0.0042,0.42,,100.0,1.0,2.0,200.0,,86 mg ,1 mg ,2.2 mg ,59 mg ,--
KK-402,35.0,30.0,Methanol,18.0,5.0,96.0,Dehydrositagliptin (1) ,Rh(COD)2OTf ,L12 ,Salicylic acid ,--,405.3,468.3,526.51,138.12,,0.2135,0.0021,0.0063,0.42,,100.0,1.0,3.0,200.0,,86 mg ,1 mg ,3.3 mg ,59 mg ,--
KK-403,50.0,30.0,Methanol,18.0,95.0,95.0,Dehydrositagliptin (1) ,Rh(COD)2OTf ,L12 ,Salicylic acid ,--,405.3,468.3,526.51,138.12,,0.2135,0.0021,0.0025,0.2135,,100.0,1.0,1.2,100.0,,86 mg ,1 mg ,1.3 mg ,29 mg ,--
KK-404,50.0,30.0,Methanol,18.0,0.0,0.0,Dehydrositagliptin (1) ,Rh(COD)2OTf ,L12 ,Salicylic acid ,--,405.3,468.3,526.51,138.12,,0.2135,0.0021,0.0042,0.2135,,100.0,1.0,2.0,100.0,,86 mg ,1 mg ,2.2 mg ,29 mg ,--
KK-405,60.0,30.0,Methanol,18.0,0.0,0.0,Dehydrositagliptin (1) ,Rh(COD)2OTf ,L12 ,(Me3)4N+I- ,--,405.3,468.3,526.51,201.05,,0.2135,0.0021,0.0025,0.0205,,100.0,1.0,1.2,10.0,,86 mg ,1 mg ,1.3 mg ,4 mg ,--
KK-406,60.0,30.0,Methanol,18.0,0.0,0.0,Dehydrositagliptin (1) ,Rh(COD)2OTf ,L12 ,(C2H5)4N+I- ,--,405.3,468.3,526.51,257.15,,0.2135,0.0021,0.0025,0.0205,,100.0,1.0,1.2,10.0,,86 mg ,1 mg ,1.3 mg ,5.3 mg ,--
KK-407,60.0,30.0,Methanol,18.0,0.0,0.0,Dehydrositagliptin (1) ,Rh(COD)2OTf ,L12 ,(C4H9)4N+Br- ,--,405.3,468.3,526.51,322.37,,0.2135,0.0021,0.0025,0.0205,,100.0,1.0,1.2,10.0,,86 mg ,1 mg ,1.3 mg ,6.6 mg ,--
KK-408,60.0,30.0,Methanol,5.0,10.0,93.0,Dehydrositagliptin (1) ,Rh(COD)2OTf ,L12 ,Salicylic acid ,--,405.3,468.3,526.51,138.12,,0.2135,0.0021,0.0025,0.42,,100.0,1.0,1.2,200.0,,86 mg ,1 mg ,1.3 mg ,59 mg ,--
KK-409,60.0,30.0,Methanol,5.0,0.0,0.0,Dehydrositagliptin (1) ,Rh(COD)2OTf ,L12 ,Salicylic acid ,--,405.3,468.3,526.51,138.12,,0.2135,0.0021,0.0042,0.42,,100.0,1.0,2.0,200.0,,86 mg ,1 mg ,2.2 mg ,59 mg ,--
KK-410,60.0,30.0,Methanol,5.0,5.0,89.0,Dehydrositagliptin (1) ,Rh(COD)2OTf ,L12 ,Salicylic acid ,--,405.3,468.3,526.51,138.12,,0.2135,0.0021,0.0025,0.0213,,100.0,1.0,1.2,10.0,,86 mg ,1 mg ,1.3 mg ,3 mg ,--
KK-411,60.0,30.0,Methanol,5.0,10.0,91.0,Dehydrositagliptin (1) ,Rh(COD)2OTf ,L12 ,Salicylic acid ,--,405.3,468.3,526.51,138.12,,0.2135,0.0021,0.0025,0.0105,,100.0,1.0,1.2,50.0,,86 mg ,1 mg ,1.3 mg ,15 mg ,--
KK-412,60.0,30.0,Methanol,5.0,10.0,91.0,Dehydrositagliptin (1) ,Rh(COD)2OTf ,L12 ,Salicylic acid ,--,405.3,468.3,526.51,138.12,,0.2135,0.0021,0.0025,0.063,,100.0,1.0,1.2,30.0,,86 mg ,1 mg ,1.3 mg ,9 mg ,--
KK-413,60.0,30.0,Methanol,18.0,10.0,91.0,Dehydrositagliptin (1) ,Rh(COD)2OTf ,L12 ,Salicylic acid ,--,405.3,468.3,526.51,138.12,,0.2135,0.0021,0.0025,0.0213,,100.0,1.0,1.2,10.0,,86 mg ,1 mg ,1.3 mg ,3 mg ,--
KK-414,60.0,30.0,Methanol,18.0,40.0,92.0,Dehydrositagliptin (1) ,Rh(COD)2OTf ,L12 ,Salicylic acid ,--,405.3,468.3,526.51,138.12,,0.2135,0.0021,0.0025,0.063,,100.0,1.0,1.2,30.0,,86 mg ,1 mg ,1.3 mg ,9 mg ,--
KK-415,60.0,30.0,Methanol,18.0,65.0,93.0,Dehydrositagliptin (1) ,Rh(COD)2OTf ,L12 ,Salicylic acid ,--,405.3,468.3,526.51,138.12,,0.2135,0.0021,0.0025,0.105,,100.0,1.0,1.2,50.0,,86 mg ,1 mg ,1.3 mg ,15 mg ,--
KK-416,60.0,30.0,Methanol,18.0,0.0,0.0,Dehydrositagliptin (1) ,Rh(COD)2OTf ,L12 ,(Me3)4N+I- ,--,405.3,468.3,526.51,201.05,,0.2135,0.0021,0.0025,0.063,,100.0,1.0,1.2,30.0,,86 mg ,1 mg ,1.3 mg ,12 mg ,--
KK-417,60.0,30.0,Methanol,18.0,0.0,0.0,Dehydrositagliptin (1) ,Rh(COD)2OTf ,L12 ,(C2H5)4N+I- ,--,405.3,468.3,526.51,257.15,,0.2135,0.0021,0.0025,0.063,,100.0,1.0,1.2,30.0,,86 mg ,1 mg ,1.3 mg ,16 mg ,--
KK-418,60.0,30.0,Methanol,18.0,0.0,0.0,Dehydrositagliptin (1) ,Rh(COD)2OTf ,L12 ,(C4H9)4N+Br- ,--,405.3,468.3,526.51,322.37,,0.2135,0.0021,0.0025,0.063,,100.0,1.0,1.2,30.0,,86 mg ,1 mg ,1.3 mg ,20 mg ,--
KK-419,60.0,30.0,Methanol,18.0,5.0,69.0,Dehydrositagliptin (1) ,Rh(COD)2OTf ,L12 ,Ammonium chloride ,--,405.3,468.3,526.51,53.49,,0.2135,0.0021,0.0025,0.0213,,100.0,1.0,1.2,10.0,,86 mg ,1 mg ,1.3 mg ,1 mg ,--
KK-420,60.0,30.0,Methanol,18.0,10.0,94.0,Dehydrositagliptin (1) ,Rh(COD)2OTf ,L12 ,Acetic acid ,--,405.3,468.3,526.51,60.05,,0.2135,0.0021,0.0025,0.0213,,100.0,1.0,1.2,10.0,,86 mg ,1 mg ,1.3 mg ,1.3 mg ,--
KK-421,60.0,30.0,Methanol,18.0,100.0,0.0,Dehydrositagliptin (1) ,Rh(COD)2OTf ,L12 ,Phosphoric acid ,--,405.3,468.3,526.51,97.99,,0.2135,0.0021,0.0025,0.0213,,100.0,1.0,1.2,10.0,,86 mg ,1 mg ,1.3 mg ,2 mg ,--
KK-422,60.0,30.0,Methanol,18.0,10.0,85.0,Dehydrositagliptin (1) ,Rh(COD)2OTf ,L12 ,Ammonium salicylate ,--,405.3,468.3,526.51,155.12,,0.2135,0.0021,0.0025,0.0213,,100.0,1.0,1.2,10.0,,86 mg ,1 mg ,1.3 mg ,3 mg ,--
KK-423,60.0,30.0,Methanol,18.0,10.0,88.0,Dehydrositagliptin (1) ,Rh(COD)2OTf ,L12 ,Ammonium salicylate ,--,405.3,468.3,526.51,155.12,,0.2135,0.0021,0.0025,0.063,,100.0,1.0,1.2,30.0,,86 mg ,1 mg ,1.3 mg ,9 mg ,--
KK-424,60.0,30.0,Methanol,18.0,10.0,90.0,Dehydrositagliptin (1) ,Rh(COD)2OTf ,L12 ,Ammonium salicylate ,--,405.3,468.3,526.51,155.12,,0.2135,0.0021,0.0025,0.105,,100.0,1.0,1.2,50.0,,86 mg ,1 mg ,1.3 mg ,15 mg ,--
KK-425,60.0,30.0,Methanol,18.0,50.0,84.0,Dehydrositagliptin (1) ,Rh(COD)2OTf ,L12 ,Salicylic acid ,--,405.3,468.3,526.51,138.12,,0.2135,0.0021,0.0025,0.42,,100.0,1.0,1.2,200.0,,86 mg ,1 mg ,1.3 mg ,59 mg ,--
KK-426,60.0,30.0,Methanol,18.0,0.0,0.0,Dehydrositagliptin (1) ,Rh(COD)2OTf ,L12 ,Salicylic acid ,--,405.3,468.3,526.51,138.12,,0.2135,0.0021,0.0042,0.0213,,100.0,1.0,2.0,10.0,,86 mg ,1 mg ,2.2 mg ,3 mg ,--
KK-427,60.0,30.0,Methanol,18.0,0.0,0.0,Dehydrositagliptin (1) ,Rh(COD)2OTf ,L12 ,Salicylic acid ,--,405.3,468.3,526.51,138.12,,0.2135,0.0021,0.0042,0.063,,100.0,1.0,2.0,30.0,,86 mg ,1 mg ,2.2 mg ,9 mg ,--
KK-428,60.0,30.0,Methanol,18.0,20.0,89.0,Dehydrositagliptin (1) ,Rh(COD)2OTf ,L12 ,Ammonium salicylate ,--,405.3,468.3,526.51,155.12,,0.2135,0.0021,0.0042,0.0213,,100.0,1.0,2.0,10.0,,86 mg ,1 mg ,2.2 mg ,3 mg ,--
KK-429,60.0,30.0,Methanol,18.0,0.0,0.0,Dehydrositagliptin (1) ,Rh(COD)2OTf ,L12 ,Ammonium salicylate ,--,405.3,468.3,526.51,155.12,,0.2135,0.0021,0.0042,0.063,,100.0,1.0,2.0,30.0,,86 mg ,1 mg ,2.2 mg ,9 mg ,--
KK-430,60.0,30.0,Methanol,18.0,10.0,83.0,Dehydrositagliptin (1) ,Rh(COD)2OTf ,L12 ,Ammonium chloride ,--,405.3,468.3,526.51,53.49,,0.2135,0.0021,0.0042,0.0213,,100.0,1.0,2.0,10.0,,86 mg ,1 mg ,2.2mg ,1 mg ,--
KK-431,70.0,30.0,Methanol,24.0,34.0,88.0,Dehydrositagliptin (1) ,Rh(COD)2OTf ,L12 ,Butyl phosphoric acid ,--,405.3,468.3,526.51,138.1,,0.2135,0.0021,0.0042,0.0213,,100.0,1.0,2.0,10.0,,86 mg ,1 mg ,2.2mg ,3 mg ,--
KK-432,70.0,30.0,Methanol,24.0,63.0,90.0,Dehydrositagliptin (1) ,Rh(COD)2OTf ,L12 ,dibutyl phosphate ,--,405.3,468.3,526.51,210.21,,0.2135,0.0021,0.0042,0.0213,,100.0,1.0,2.0,10.0,,86 mg ,1 mg ,2.2mg ,4 mg ,--
KK-433,70.0,30.0,Methanol,24.0,5.0,83.0,Dehydrositagliptin (1) ,Rh(COD)2OTf ,L12 ,tributyl phosphate ,--,405.3,468.3,526.51,266.31,,0.2135,0.0021,0.0042,0.0213,,100.0,1.0,2.0,10.0,,86 mg ,1 mg ,2.2mg ,6 mg ,--
KK-434,60.0,30.0,Methanol,18.0,27.0,91.0,Dehydrositagliptin (1) ,Rh(COD)2OTf ,tBu-Josiphos ,Ammonium chloride ,--,405.3,468.3,542.45,53.49,,0.2135,0.0021,0.0021,0.0213,,1.0,1.0,1.0,10.0,,86 mg ,1 mg ,1.1 mg ,1 mg ,--
KK-435,50.0,30.0,Methanol,18.0,60.0,93.0,Dehydrositagliptin (1) ,Rh(COD)2OTf ,L12 ,Salicylic acid ,--,405.3,468.3,526.51,138.12,,0.2135,0.0021,0.0042,0.105,,100.0,1.0,2.0,50.0,,86 mg ,1 mg ,2.2 mg ,15 mg ,--
KK-436,50.0,30.0,Methanol,18.0,90.0,93.0,Dehydrositagliptin (1) ,Rh(COD)2OTf ,L12 ,Salicylic acid ,--,405.3,468.3,526.51,138.12,,0.2135,0.0021,0.0042,0.2135,,100.0,1.0,2.0,100.0,,86 mg ,1 mg ,2.2 mg ,30 mg ,--
KK-437,50.0,30.0,Methanol,18.0,90.0,93.0,Dehydrositagliptin (1) ,Rh(COD)2OTf ,L12 ,Salicylic acid ,--,405.3,468.3,526.51,138.12,,0.2135,0.0021,0.0042,0.315,,100.0,1.0,2.0,150.0,,86 mg ,1 mg ,2.2 mg ,44 mg ,--
KK-438,50.0,30.0,Methanol,18.0,90.0,93.0,Dehydrositagliptin (1) ,Rh(COD)2OTf ,L12 ,Salicylic acid ,--,405.3,468.3,526.51,138.12,,0.2135,0.0021,0.0042,0.42,,100.0,1.0,2.0,200.0,,86 mg ,1 mg ,2.2 mg ,58 mg ,--
KK-439,50.0,30.0,TFE,18.0,95.0,80.0,Dehydrositagliptin (1) ,Rh(COD)2OTf ,L12 ,Salicylic acid ,--,405.3,468.3,526.51,138.12,,0.2135,0.0021,0.0042,0.42,,100.0,1.0,2.0,200.0,,86 mg ,1 mg ,2.2 mg ,58 mg ,--
KK-440,50.0,20.0,Methanol,18.0,40.0,95.0,Dehydrositagliptin (1) ,Rh(COD)2OTf ,L12 ,Salicylic acid ,--,405.3,468.3,526.51,138.12,,0.2135,0.0021,0.0025,0.2135,,100.0,1.0,1.2,100.0,,86 mg ,1 mg ,1.3 mg ,28 mg ,--
KK-441,50.0,20.0,Methanol,18.0,40.0,95.0,Dehydrositagliptin (1) ,Rh(COD)2OTf ,L12 ,Salicylic acid ,--,405.3,468.3,526.51,138.12,,0.2135,0.0021,0.0042,0.2135,,100.0,1.0,2.0,100.0,,86 mg ,1 mg ,2.2 mg ,28 mg ,--
KK-442,60.0,20.0,Methanol,18.0,90.0,92.0,Dehydrositagliptin (1) ,Rh(COD)2OTf ,L12 ,Salicylic acid ,--,405.3,468.3,526.51,138.12,,0.2135,0.0021,0.0042,0.2135,,100.0,1.0,1.2,100.0,,86 mg ,1 mg ,1.3 mg ,28 mg ,--
KK-443,50.0,30.0,Methanol,18.0,10.0,87.0,Dehydrositagliptin (1) ,Rh(COD)2OTf ,L12 ,--,--,405.3,468.3,526.51,,,0.2135,0.0021,0.0025,,,100.0,1.0,1.2,,,86 mg ,1 mg ,1.3 mg ,--,--
KK-444,50.0,30.0,Methanol,18.0,60.0,94.0,Dehydrositagliptin (1) ,Rh(COD)2OTf ,L12 ,Salicylic acid ,--,405.3,468.3,526.51,138.12,,0.2135,0.0021,0.0025,0.2135,,100.0,1.0,1.2,100.0,,86 mg ,1 mg ,1.3 mg ,28 mg ,--
KK-447,60.0,30.0,Methanol,18.0,30.0,93.0,Dehydrositagliptin (1) ,Rh(COD)2OTf ,tBu-Josiphos ,Ammonium chloride ,--,405.3,468.3,542.45,53.49,,0.2135,0.0021,0.0021,0.0213,,1.0,1.0,1.0,10.0,,86 mg ,1 mg ,1.1 mg ,1 mg ,--
KK-448,60.0,30.0,Methanol,18.0,90.0,94.0,Dehydrositagliptin (1) ,Rh(COD)2OTf ,L12 ,Salicylic acid ,--,405.3,468.3,526.51,138.12,,0.2135,0.0021,0.0025,0.0213,,100.0,1.0,1.2,10.0,,86 mg ,1 mg ,1.3 mg ,3 mg ,--
KK-449,60.0,30.0,methanol,65.0,10.0,72.0,Dehydrositagliptin (1) ,Rh(COD)2OTf ,L12 ,--,--,405.3,468.3,526.51,,,0.2135,0.0021,0.0031,,,100.0,1.0,1.5,,,86 mg ,1 mg ,1.7 mg ,--,--
KK-450,60.0,30.0,Methanol,65.0,70.0,79.0,Dehydrositagliptin (1) ,Rh(COD)2OTf ,L12 ,Ammonium chloride ,--,405.3,468.3,526.51,53.49,,0.2135,0.0021,0.0031,0.0213,,100.0,1.0,1.5,10.0,,86 mg ,1 mg ,1.7 mg ,1 mg ,--
KK-451,60.0,30.0,methanol,65.0,70.0,89.0,Dehydrositagliptin (1) ,Rh(COD)2OTf ,L12 ,Salicylic acid ,--,405.3,468.3,526.51,138.12,,0.2135,0.0021,0.0031,0.0213,,100.0,1.0,1.5,10.0,,86 mg ,1 mg ,1.7 mg ,3 mg ,--
KK-455,60.0,30.0,methanol,18.0,0.0,0.0,Dehydrositagliptin (1) ,Rh(COD)2OTf ,L12 ,Triethyl amine ,--,405.3,468.3,526.51,101.19,,0.2135,0.0021,0.0025,0.0213,,100.0,1.0,1.2,10.0,,86 mg ,1 mg ,1.3 mg ,2 mg ,--
KK-456,60.0,30.0,methanol,18.0,0.0,0.0,Dehydrositagliptin (1) ,Rh(COD)2OTf ,--,--,--,405.3,468.3,,,,0.2135,0.0021,,,,100.0,1.0,,,,86 mg ,1 mg ,--,--,--
KK-457,50.0,15.0,Methanol,24.0,15.0,87.0,Dehydrositagliptin (1) ,Rh(COD)2OTf ,L12 ,Salicylic acid ,--,405.3,468.3,526.51,138.12,,0.2135,0.0021,0.0023,0.0105,,100.0,1.0,1.1,5.0,,86 mg ,1 mg ,1.2 mg ,1.5 mg ,--
KK-458,55.0,15.0,Methanol,24.0,20.0,90.0,Dehydrositagliptin (1) ,Rh(COD)2OTf ,L12 ,Ammonium salicylate ,Salicylic acid ,405.3,468.3,526.51,155.12,138.12,0.2135,0.0021,0.0023,0.0105,0.0105,100.0,1.0,1.1,5.0,5.0,86 mg ,1 mg ,1.2 mg ,1.6 mg ,1.5 mg 
KK-459,60.0,20.0,Methanol,18.0,70.0,93.0,Dehydrositagliptin (1) ,Rh(COD)2OTf ,L12 ,Salicylic acid ,--,405.3,468.3,526.51,138.12,,0.2135,0.0021,0.0014,0.2135,,100.0,1.0,0.7,100.0,,86 mg ,1 mg ,0.7 mg ,29 mg ,--
KK-460,60.0,10.0,Methanol,65.0,40.0,80.0,Dehydrositagliptin (1) ,Rh(COD)2OTf ,L12 ,Salicylic acid ,--,405.3,468.3,526.51,138.12,,0.2135,0.0021,0.0023,0.0105,,100.0,1.0,1.1,5.0,,86 mg ,1 mg ,1.2 mg ,1.5 mg ,--
KK-461,60.0,20.0,Methanol,18.0,0.0,0.0,Dehydrositagliptin (1) ,Rh(COD)2OTf ,tBu-Josiphos ,Ammonium chloride ,--,405.3,468.3,542.45,53.49,,0.2052,0.0003,0.0003,0.0003,,1.0,0.0015,0.0016,0.0015,,83 mg ,0.14 mg ,0.17 mg ,0.01 mg ,--
KK-462,60.0,20.0,Methanol,18.0,0.0,0.0,Dehydrositagliptin (1) ,Rh(COD)2OTf ,L12 ,Ammonium chloride ,--,405.3,468.3,526.51,53.49,,0.2052,0.0003,0.0003,0.0003,,1.0,0.0015,0.0016,0.0015,,83 mg ,0.14 mg ,0.17 mg ,0.01 mg ,--
KK-463,60.0,30.0,Methanol,18.0,76.0,92.0,Dehydrositagliptin (1) ,Rh(COD)2OTf ,tBu-Josiphos ,Ammonium chloride ,--,405.3,468.3,542.45,53.49,,0.2052,0.003,0.003,0.003,,1.0,0.015,0.016,0.015,,83 mg ,1.4 mg ,1.7 mg ,0.1 mg ,--
KK-464,60.0,30.0,Methanol,18.0,60.0,89.0,Dehydrositagliptin (1) ,Rh(COD)2OTf ,tBu-Josiphos ,Ammonium chloride ,--,405.3,468.3,542.45,53.49,,0.2052,0.003,0.003,0.003,,1.0,0.015,0.016,0.015,,83 mg ,1.4 mg ,1.7 mg ,0.1 mg ,--
KK-465,60.0,30.0,Methanol,18.0,40.0,79.0,Dehydrositagliptin (1) ,Rh(COD)2OTf ,L12 ,Salicylic acid ,--,405.3,468.3,526.51,138.12,,0.2052,0.003,0.003,0.003,,1.0,0.015,0.016,0.015,,83 mg ,1.4 mg ,1.7 mg ,0.1 mg ,--
KK-466,60.0,30.0,Methanol,18.0,35.0,83.0,Dehydrositagliptin (1) ,Rh(COD)2OTf ,L12 ,Salicylic acid ,--,405.3,468.3,526.51,138.12,,0.2052,0.003,0.003,0.003,,1.0,0.015,0.016,0.015,,83 mg ,1.4 mg ,1.7 mg ,0.1 mg ,--
KK-467,60.0,30.0,Methanol,24.0,95.0,92.0,Dehydrositagliptin (1) ,Rh(COD)2OTf ,L12 ,Salicylic acid ,--,405.3,468.3,526.51,138.12,,0.2135,0.0021,0.0023,0.2135,,100.0,1.0,1.2,100.0,,86 mg ,1 mg ,1.2 mg ,28 mg ,--
KK-468,60.0,30.0,Methanol,24.0,98.0,92.0,Dehydrositagliptin (1) ,Rh(COD)2OTf ,L12 ,Salicylic acid ,--,405.3,468.3,526.51,138.12,,0.2135,0.0021,0.0042,0.2135,,100.0,1.0,2.0,100.0,,86 mg ,1 mg ,2.2 mg ,28 mg ,--
KK-469,60.0,30.0,Methanol,24.0,12.0,65.0,Dehydrositagliptin (1) ,Rh(COD)2OTf ,L12 ,Salicylic acid ,--,405.3,468.3,526.51,138.12,,0.2135,0.0021,0.0023,0.0021,,100.0,1.0,1.2,1.0,,86 mg ,1 mg ,1.2 mg ,0.3 mg ,--
KK-470,60.0,30.0,Methanol,24.0,20.0,85.0,Dehydrositagliptin (1) ,Rh(COD)2OTf ,L12 ,Salicylic acid ,--,405.3,468.3,526.51,138.12,,0.2135,0.0021,0.0042,0.0042,,100.0,1.0,2.0,2.0,,86 mg ,1 mg ,2.2 mg ,0.6 mg ,--
KK-471,60.0,30.0,Methanol,24.0,10.0,72.0,Dehydrositagliptin (1) ,Rh(COD)2OTf ,L12 ,Salicylic acid ,--,405.3,468.3,526.51,138.12,,0.2135,0.0021,0.0023,0.0042,,100.0,1.0,1.2,2.0,,86 mg ,1 mg ,1.2 mg ,0.6 mg ,--
KK-473,50.0,30.0,Methanol,24.0,62.0,91.0,Dehydrositagliptin (1) ,Rh(COD)2OTf ,L12 ,Salicylic acid ,--,405.3,468.3,526.51,138.12,,0.2135,0.0021,0.0023,0.105,,100.0,1.0,1.2,50.0,,86 mg ,1 mg ,1.2 mg ,15 mg ,--
KK-474,50.0,30.0,Methanol,24.0,80.0,92.0,Dehydrositagliptin (1) ,Rh(COD)2OTf ,L12 ,Salicylic acid ,--,405.3,468.3,526.51,138.12,,0.2135,0.0021,0.0042,0.105,,100.0,1.0,2.0,50.0,,86 mg ,1 mg ,2.2 mg ,15 mg ,--
KK-475,50.0,30.0,Methanol,24.0,11.0,87.0,Dehydrositagliptin (1) ,Rh(COD)2OTf ,L12 ,Salicylic acid ,--,405.3,468.3,526.51,138.12,,0.2135,0.0021,0.0023,0.0213,,100.0,1.0,1.2,10.0,,86 mg ,1 mg ,1.2 mg ,3 mg ,--
KK-476,50.0,30.0,Methanol,24.0,11.0,87.0,Dehydrositagliptin (1) ,Rh(COD)2OTf ,L12 ,Salicylic acid ,--,405.3,468.3,526.51,138.12,,0.2135,0.0021,0.0023,0.0105,,100.0,1.0,1.2,5.0,,86 mg ,1 mg ,1.2 mg ,1.5 mg ,--
KK-477,50.0,30.0,Methanol,24.0,18.0,87.0,Dehydrositagliptin (1) ,Rh(COD)2OTf ,L12 ,Salicylic acid ,--,405.3,468.3,526.51,138.12,,0.2135,0.0021,0.0042,0.0213,,100.0,1.0,2.0,10.0,,86 mg ,1 mg ,2.2 mg ,3 mg ,--
KK-478,50.0,30.0,Methanol,24.0,17.0,87.0,Dehydrositagliptin (1) ,Rh(COD)2OTf ,L12 ,Salicylic acid ,--,405.3,468.3,526.51,138.12,,0.2135,0.0021,0.0042,0.0105,,100.0,1.0,2.0,5.0,,86 mg ,1 mg ,2.2 mg ,1.5 mg ,--
KK-479,50.0,30.0,Methanol,18.0,2.0,0.0,Dehydrositagliptin (1) ,Rh(COD)2OTf ,L12 ,Salicylic acid ,--,405.3,468.3,526.51,138.12,,0.2135,0.0021,0.0023,0.2135,,100.0,1.0,1.2,100.0,,86 mg ,1 mg ,1.2 mg ,28 mg ,--
KK-480,50.0,30.0,Methanol,18.0,0.0,0.0,Dehydrositagliptin (1) ,Rh(COD)2OTf ,L12 ,Salicylic acid ,--,405.3,468.3,526.51,138.12,,0.2135,0.0021,0.0023,0.2135,,100.0,1.0,1.2,100.0,,86 mg ,1 mg ,1.2 mg ,28 mg ,--
KK-481,50.0,30.0,Methanol,18.0,30.0,94.0,Dehydrositagliptin (1) ,Rh(COD)2OTf ,L12 ,Salicylic acid ,--,405.3,468.3,526.51,138.12,,0.427,0.0042,0.005,0.2135,,100.0,1.0,1.2,50.0,,173 mg ,2 mg ,2.7 mg ,29 mg ,--
KK-482,50.0,30.0,Methanol,18.0,30.0,93.0,Dehydrositagliptin (1) ,Rh(COD)2OTf ,L12 ,Salicylic acid ,--,405.3,468.3,526.51,138.12,,0.427,0.0042,0.0084,0.2135,,100.0,1.0,2.0,50.0,,173 mg ,2 mg ,4.4 mg ,29 mg ,--
KK-483,50.0,30.0,Methanol,18.0,15.0,89.0,Dehydrositagliptin (1) ,Rh(COD)2OTf ,L12 ,Formic acid ,--,405.3,468.3,526.51,46.03,,0.2135,0.0021,0.0023,0.0213,,100.0,1.0,1.2,10.0,,86 mg ,1 mg ,1.2 mg ,1 mg ,--
KK-484,50.0,30.0,Methanol,18.0,30.0,94.0,Dehydrositagliptin (1) ,Rh(COD)2OTf ,L12 ,Salicylic acid ,--,405.3,468.3,526.51,138.12,,0.2135,0.0021,0.0023,0.105,,100.0,1.0,1.2,50.0,,86 mg ,1 mg ,1.2 mg ,15 mg ,--
KK-485,60.0,30.0,Methanol,24.0,98.0,94.0,Dehydrositagliptin (1) ,Rh(COD)2OTf ,L12 ,Salicylic acid ,--,405.3,468.3,526.51,138.12,,0.2135,0.0021,0.0042,0.2135,,100.0,1.0,2.0,100.0,,86 mg ,1 mg ,2.2 mg ,29 mg ,--
KK-486,60.0,30.0,Methanol,24.0,89.0,93.0,Dehydrositagliptin (1) ,Rh(COD)2OTf ,L12 ,Salicylic acid ,--,405.3,468.3,526.51,138.12,,0.2135,0.0021,0.0042,0.2135,,100.0,1.0,2.0,100.0,,86 mg ,1 mg ,2.2 mg ,29 mg ,--
KK-487,60.0,30.0,Methanol,24.0,95.0,94.0,Dehydrositagliptin (1) ,Rh(COD)2OTf ,L12 ,Salicylic acid ,--,405.3,468.3,526.51,138.12,,0.2135,0.0021,0.0042,0.2135,,100.0,1.0,2.0,100.0,,86 mg ,1 mg ,2.2 mg ,29 mg ,--
KK-488,60.0,30.0,Methanol,24.0,83.0,94.0,Dehydrositagliptin (1) ,Rh(COD)2OTf ,L12 ,Salicylic acid ,--,405.3,468.3,526.51,138.12,,0.2135,0.0021,0.0042,0.105,,100.0,1.0,2.0,50.0,,86 mg ,1 mg ,2.2 mg ,15 mg ,--
KK-489,60.0,30.0,Methanol,18.0,98.0,91.0,Dehydrositagliptin (1) ,Rh(COD)2OTf ,L12 ,Salicylic acid ,--,405.3,468.3,526.51,138.12,,0.2135,0.0021,0.0042,0.2135,,100.0,1.0,2.0,100.0,,86 mg ,1 mg ,2.2 mg ,29 mg ,--
KK-492,45.0,30.0,Methanol,18.0,0.0,0.0,Dehydrositagliptin (1) ,Rh(COD)2OTf ,L12 ,Salicylic acid ,--,405.3,468.3,526.51,138.12,,0.2135,0.0021,0.0042,0.2135,,100.0,1.0,2.0,100.0,,86 mg ,1 mg ,2.2 mg ,29 mg ,--
KK-494,50.0,30.0,Methanol,18.0,99.0,95.0,Dehydrositagliptin (1) ,Rh(COD)2OTf ,L12 ,Salicylic acid ,--,405.3,468.3,526.51,138.12,,0.074,0.0037,0.0074,0.074,,1.0,0.005,0.01,1.0,,30 mg ,1.8 mg ,3.9 mg ,10 mg ,--
KK-495,50.0,30.0,Methanol,18.0,90.0,94.0,Dehydrositagliptin (1) ,Rh(COD)2OTf ,L12 ,Salicylic acid ,--,405.3,468.3,526.51,138.12,,0.2135,0.0021,0.0042,0.2135,,100.0,1.0,2.0,100.0,,86 mg ,1 mg ,2.2 mg ,29 mg ,--
KK-496,50.0,30.0,Methanol,18.0,95.0,94.0,Dehydrositagliptin (1) ,Rh(COD)2OTf ,L12 ,Salicylic acid ,--,405.3,468.3,526.51,138.12,,0.2135,0.0021,0.0042,0.2135,,100.0,1.0,2.0,100.0,,86 mg ,1 mg ,2.2 mg ,29 mg ,--
KK-497,50.0,30.0,Methanol,6.0,96.0,93.0,Dehydrositagliptin (1) ,Rh(COD)2OTf ,L12 ,Salicylic acid ,--,405.3,468.3,526.51,138.12,,0.074,0.0037,0.0074,0.074,,1.0,0.005,0.01,1.0,,30 mg ,1.8 mg ,3.9 mg ,10 mg ,--
KK-498,50.0,30.0,Methanol,6.0,65.0,93.0,Dehydrositagliptin (1) ,Rh(COD)2OTf ,L12 ,Salicylic acid ,--,405.3,468.3,526.51,138.12,,0.074,0.0037,0.0074,0.074,,1.0,0.005,0.01,1.0,,30 mg ,1.8 mg ,3.9 mg ,10 mg ,--
KK-499,50.0,30.0,Methanol,6.0,60.0,94.0,Dehydrositagliptin (1) ,Rh(COD)2OTf ,L12 ,Salicylic acid ,--,405.3,468.3,526.51,138.12,,0.074,0.0037,0.0074,0.074,,1.0,0.005,0.01,0.5,,30 mg ,1.8 mg ,3.9 mg ,5 mg ,--
KK-500,50.0,30.0,Methanol,6.0,68.0,92.0,Dehydrositagliptin (1) ,Rh(COD)2OTf ,L12 ,Salicylic acid ,--,405.3,468.3,526.51,138.12,,0.074,0.0037,0.0074,0.074,,1.0,0.005,0.01,0.5,,30 mg ,1.8 mg ,3.9 mg ,5 mg ,--
KK-501,50.0,30.0,Methanol,3.0,70.0,94.0,Dehydrositagliptin (1) ,Rh(COD)2OTf ,L12 ,Salicylic acid ,--,405.3,468.3,526.51,138.12,,0.074,0.0037,0.0074,0.074,,1.0,0.005,0.01,1.0,,30 mg ,1.8 mg ,3.9 mg ,10 mg ,--
KK-502,50.0,30.0,Methanol,3.0,80.0,94.0,Dehydrositagliptin (1) ,Rh(COD)2OTf ,L12 ,Salicylic acid ,--,405.3,468.3,526.51,138.12,,0.074,0.0037,0.0074,0.113,,1.0,0.005,0.01,0.15,,30 mg ,1.8 mg ,3.9 mg ,15 mg ,--
KK-503,50.0,30.0,Methanol,3.0,87.0,94.0,Dehydrositagliptin (1) ,Rh(COD)2OTf ,L12 ,Salicylic acid ,--,405.3,468.3,526.51,138.12,,0.074,0.0037,0.0074,0.1484,,1.0,0.005,0.01,0.2,,30 mg ,1.8 mg ,3.9 mg ,20 mg ,--
KK-504,50.0,30.0,Methanol,3.0,75.0,95.0,Dehydrositagliptin (1) ,Rh(COD)2OTf ,L12 ,Salicylic acid ,--,405.3,468.3,526.51,138.12,,0.2052,0.0102,0.0205,0.3079,,1.0,0.005,0.01,0.15,,83 mg ,4.9 mg ,10.8 mg ,43 mg ,--
KK-505,50.0,30.0,Methanol,4.0,99.0,94.0,Dehydrositagliptin (1) ,Rh(COD)2OTf ,L12 ,Salicylic acid ,--,405.3,468.3,526.51,138.12,,0.2052,0.0102,0.0205,0.3079,,1.0,0.005,0.01,0.15,,83 mg ,4.9 mg ,10.8 mg ,43 mg ,--
KK-506,50.0,30.0,methanol,3.0,3.0,92.0,Dehydrositagliptin (1) ,Rh(COD)2OTf ,L12 ,Salicylic acid ,--,405.3,468.3,526.51,138.12,,2.4734,0.0247,0.0494,3.7101,,100.0,1.0,2.0,150.0,,1000 mg ,12 mg ,26 mg ,512 mg ,--
KK-507,50.0,30.0,methanol,18.0,89.0,94.0,Dehydrositagliptin (1) ,Rh(COD)2OTf ,L12 ,Salicylic acid ,--,405.3,468.3,526.51,138.12,,2.4734,0.0247,0.0296,2.4734,,100.0,1.0,1.2,100.0,,1000 mg ,12 mg ,16 mg ,340 mg ,--
KK-508,50.0,30.0,methanol,18.0,93.0,94.0,Dehydrositagliptin (1) ,Rh(COD)2OTf ,L12 ,Salicylic acid ,--,405.3,468.3,526.51,138.12,,2.4734,0.0247,0.0296,2.4734,,100.0,1.0,1.2,100.0,,1000 mg ,12 mg ,16 mg ,340 mg ,--
KK-509,50.0,30.0,methanol,4.0,38.0,97.0,Dehydrositagliptin (1) ,Rh(COD)2OTf ,L12 ,Salicylic acid ,--,405.3,468.3,526.51,138.12,,2.4734,0.1236,0.2473,3.7109,,1.0,0.005,0.01,0.15,,1000 mg ,60 mg ,130 mg ,512 mg ,--
KK-510,50.0,30.0,methanol,4.0,99.0,94.0,Dehydrositagliptin (1) ,Rh(COD)2OTf ,L12 ,Salicylic acid ,--,405.3,468.3,526.51,138.12,,2.4734,0.1236,0.2473,3.7109,,1.0,0.005,0.01,0.15,,1000 mg ,60 mg ,130 mg ,512 mg ,--
KK-511,45.0,30.0,methanol,3.5,60.0,94.0,Dehydrositagliptin (1) ,Rh(COD)2OTf ,L12 ,Salicylic acid ,--,405.3,468.3,526.51,138.12,,2.4734,0.1236,0.2473,3.7109,,1.0,0.005,0.01,0.15,,1000 mg ,60 mg ,130 mg ,512 mg ,--
KK-512,50.0,30.0,methanol,18.0,0.0,0.0,Dehydrositagliptin (1) ,Rh(COD)2OTf ,L12 ,Sodium benzoate ,--,405.3,468.3,526.51,144.1,,0.2135,0.0021,0.0022,0.2135,,100.0,1.0,1.1,100.0,,86 mg ,1 mg ,1.2 mg ,30 mg ,--
KK-514,50.0,30.0,methanol,18.0,0.0,0.0,Dehydrositagliptin (1) ,Rh(COD)2OTf ,(R)-Xylyl-P-Phos (L7) ,Salicylic acid ,--,405.3,468.3,756.85,138.12,,0.2135,0.0021,0.0022,0.2135,,100.0,1.0,1.1,100.0,,86 mg ,1 mg ,1.7 mg ,28 mg ,--
KK-515,50.0,30.0,methanol,18.0,0.0,0.0,Dehydrositagliptin (1) ,Rh(COD)2OTf ,(R) Quinox (L10) ,Salicylic acid ,--,405.3,468.3,334.38,138.12,,0.4112,0.0041,0.0045,0.4112,,100.0,1.0,1.1,100.0,,166 mg ,2 mg ,1.5 mg ,56 mg ,--
KK-516,50.0,30.0,methanol,18.0,0.0,0.0,Dehydrositagliptin (1) ,Rh(COD)2OTf ,(S)-Tol-SDP (L8) ,Salicylic acid ,--,405.3,468.3,644.76,138.12,,0.2135,0.0021,0.0022,0.2135,,100.0,1.0,1.1,100.0,,86 mg ,2 mg ,1.4 mg ,28 mg ,--
KK-517,50.0,30.0,methanol,18.0,0.0,0.0,Dehydrositagliptin (1) ,Rh(COD)2OTf ,(R)-Xyl-SDP (L9) ,Salicylic acid ,--,405.3,468.3,700.87,138.12,,0.2135,0.0021,0.0022,0.2135,,100.0,1.0,1.1,100.0,,86 mg ,1 mg ,1.5 mg ,28 mg ,--
KK-518,50.0,30.0,methanol,18.0,0.0,0.0,Dehydrositagliptin (1) ,Rh(COD)2OTf ,L4 ,Salicylic acid ,--,405.3,468.3,306.36,138.12,,0.2135,0.0021,0.0022,0.2135,,100.0,1.0,1.1,100.0,,86 mg ,1 mg ,0.7 mg ,28 mg ,--
KK-519,50.0,30.0,methanol,18.0,0.0,0.0,Dehydrositagliptin (1) ,Rh(COD)2OTf ,L6 ,Salicylic acid ,--,405.3,468.3,418.58,138.12,,0.2135,0.0021,0.0022,0.2135,,100.0,1.0,1.1,100.0,,86 mg ,1 mg ,0.9 mg ,28 mg ,--
KK-520,50.0,30.0,methanol,18.0,0.0,0.0,Dehydrositagliptin (1) ,Rh(COD)2OTf ,L5 ,Salicylic acid ,--,405.3,468.3,362.47,138.12,,0.2135,0.0021,0.0022,0.2135,,100.0,1.0,1.1,100.0,,86 mg ,1 mg ,0.8 mg ,28 mg ,--
KK-520,50.0,30.0,methanol,18.0,0.0,0.0,Dehydrositagliptin (1) ,Rh(COD)2OTf ,L3 ,Salicylic acid ,--,405.3,468.3,414.28,138.12,,0.2135,0.0021,0.0022,0.2135,,100.0,1.0,1.1,100.0,,86 mg ,1 mg ,0.9 mg ,28 mg ,--
KK-531,50.0,30.0,methanol,18.0,0.0,0.0,Dehydrositagliptin (1) ,Rh(COD)2OTf ,L12 ,Sodium benzoate ,--,405.3,468.3,526.51,144.1,,0.2135,0.0021,0.0022,0.0022,,100.0,1.0,1.1,1.1,,86 mg ,1 mg ,1.2 mg ,0.3 mg ,--
KK-532,50.0,30.0,methanol,18.0,0.0,0.0,Dehydrositagliptin (1) ,Rh(COD)2OTf ,L12 ,PPTS ,--,405.3,468.3,526.51,251.3,,0.2135,0.0021,0.0022,0.0022,,100.0,1.0,1.1,1.1,,86 mg ,1 mg ,1.2 mg ,0.6 mg ,--
KK-533,50.0,30.0,methanol,18.0,15.0,92.0,Dehydrositagliptin (1) ,Rh(COD)2OTf ,L12 ,PPTS ,--,405.3,468.3,526.51,251.3,,0.2135,0.0021,0.0022,0.2135,,100.0,1.0,1.1,100.0,,86 mg ,1 mg ,1.2 mg ,52 mg ,--
KK-534,45.0,30.0,Methanol,8.0,85.0,92.0,Dehydrositagliptin (1) ,Rh(COD)2OTf ,L12 ,Salicylic acid ,--,405.3,468.3,526.51,138.12,,12.338,0.1233,0.148,12.338,,100.0,1.0,1.2,100.0,,5000 mg ,60 mg ,78 mg ,1740 mg ,--
KK-535,90.0,20.0,methanol,18.0,0.0,0.0,Dehydrositagliptin (1) ,Rh(COD)2OTf ,L4 ,Ammonium chloride ,--,405.3,468.3,306.36,53.49,,0.2135,0.0021,0.0022,0.0213,,100.0,1.0,1.05,10.0,,86 mg ,1 mg ,0.6 mg ,1 mg ,--
KK-536,90.0,20.0,methanol,18.0,0.0,0.0,Dehydrositagliptin (1) ,Rh(COD)2OTf ,L1 ,Ammonium chloride ,--,405.3,468.3,498.93,53.49,,0.2135,0.0021,0.0021,0.0213,,100.0,1.0,1.05,10.0,,86 mg ,1 mg ,1.1 mg ,1 mg ,--
KK-537,90.0,20.0,methanol,18.0,0.0,0.0,Dehydrositagliptin (1) ,Rh(COD)2OTf ,L2 ,Ammonium chloride ,--,405.3,468.3,426.47,53.49,,0.2135,0.0021,0.0021,0.0213,,100.0,1.0,1.05,10.0,,86 mg ,1 mg ,0.9 mg ,1 mg ,--
KK-538,90.0,20.0,methanol,18.0,0.0,0.0,Dehydrositagliptin (1) ,Rh(COD)2OTf ,L6 ,Ammonium chloride ,--,405.3,468.3,418.58,53.49,,0.2135,0.0021,0.0021,0.0213,,100.0,1.0,1.05,10.0,,86 mg ,1 mg ,0.9 mg ,1 mg ,--
KK-539,90.0,20.0,methanol,18.0,0.0,0.0,Dehydrositagliptin (1) ,Rh(COD)2OTf ,(R)-Xylyl-P-Phos (L7) ,Ammonium chloride ,--,405.3,468.3,756.85,53.49,,0.2135,0.0021,0.0021,0.0213,,100.0,1.0,1.05,10.0,,86 mg ,1 mg ,1.6 mg ,1 mg ,--
KK-540,90.0,20.0,methanol,18.0,0.0,0.0,Dehydrositagliptin (1) ,Rh(COD)2OTf ,(R) QuinoxP (L10) ,Ammonium chloride ,--,405.3,468.3,334.38,53.49,,0.2135,0.0021,0.0021,0.0213,,100.0,1.0,1.05,10.0,,86 mg ,1 mg ,0.7 mg ,1 mg ,--
KK-541,90.0,20.0,methanol,18.0,0.0,0.0,Dehydrositagliptin (1) ,Rh(COD)2OTf ,(S)-Tol-SDP (L8) ,Ammonium chloride ,--,405.3,468.3,644.76,53.49,,0.2135,0.0021,0.0021,0.0213,,100.0,1.0,1.05,10.0,,86 mg ,1 mg ,1.4 mg ,1 mg ,--
KK-542,90.0,20.0,methanol,18.0,0.0,0.0,Dehydrositagliptin (1) ,Rh(COD)2OTf ,(R)-Xyl-SDP (L9) ,Ammonium chloride ,--,405.3,468.3,700.87,53.49,,0.2135,0.0021,0.0021,0.0213,,100.0,1.0,1.05,10.0,,86 mg ,1 mg ,1.5 mg ,1 mg ,--
KK-545,50.0,30.0,DMSO,18.0,0.0,0.0,Dehydrositagliptin (1) ,Rh(COD)2OTf ,L12 ,Salicylic acid ,--,405.3,468.3,526.51,138.12,,0.2135,0.0021,0.0022,0.2135,,100.0,1.0,1.1,100.0,,86 mg ,1 mg ,1.2 mg ,28 mg ,--
KK-546,50.0,30.0,DMSO:MeOH (10:90),18.0,0.0,0.0,Dehydrositagliptin (1) ,Rh(COD)2OTf ,L12 ,Salicylic acid ,--,405.3,468.3,526.51,138.12,,0.2135,0.0021,0.0022,0.2135,,100.0,1.0,1.1,100.0,,86 mg ,1 mg ,1.2 mg ,28 mg ,--
KK-547,45.0,30.0,Methanol,18.0,85.0,98.0,Dehydrositagliptin (1) ,Rh(COD)2OTf ,L12 ,Salicylic acid ,--,405.3,468.3,526.51,138.12,,0.2135,0.0021,0.0042,0.4112,,100.0,1.0,2.0,200.0,,86 mg ,1 mg ,2.2 mg ,57 mg ,--
KK-549,70.0,10.0,Methanol,18.0,0.0,0.0,Dehydrositagliptin (1) ,Rh(COD)2OTf ,L3 ,Ammonium chloride ,--,405.3,468.3,414.29,53.49,,0.2135,0.0021,0.0042,0.0213,,100.0,1.0,2.0,10.0,,86 mg ,1 mg ,2 mg ,1 mg ,--
KK-550,70.0,20.0,Methanol,18.0,26.0,85.0,Dehydrositagliptin (1) ,Rh(COD)2OTf ,L3 ,Ammonium chloride ,--,405.3,468.3,414.29,53.49,,0.2135,0.0021,0.0042,0.0213,,100.0,1.0,2.0,10.0,,86 mg ,1 mg ,2 mg ,1 mg ,--
KK-551,60.0,30.0,Methanol,18.0,0.0,0.0,Dehydrositagliptin (1) ,Rh(COD)2OTf ,L12 ,--,--,405.3,468.3,526.51,,,0.2135,0.0021,0.0021,,,100.0,1.0,1.0,,,86 mg ,1 mg ,1.1 mg ,--,--
KK-552,60.0,30.0,Methanol,18.0,56.0,82.0,Dehydrositagliptin (1) ,Rh(COD)2OTf ,L12 ,Salicylic acid ,--,405.3,468.3,526.51,138.12,,0.2135,0.0021,0.0021,0.0105,,100.0,1.0,1.0,5.0,,86 mg ,1 mg ,1.1 mg ,1.5 mg ,--
KK-553,60.0,30.0,Methanol,18.0,8.0,69.0,Dehydrositagliptin (1) ,Rh(COD)2OTf ,L12 ,TFE ,--,405.3,468.3,526.51,100.04,,0.2135,0.0021,0.0021,0.0213,,100.0,1.0,1.0,10.0,,86 mg ,1 mg ,1.1 mg ,2 mg ,--
KK-554,50.0,30.0,Methanol,63.0,28.0,88.0,Dehydrositagliptin (1) ,Rh(COD)2OTf ,L12 ,Salicylic acid ,--,405.3,468.3,526.51,138.12,,0.2135,0.0021,0.0021,0.005,,100.0,1.0,1.0,2.5,,86 mg ,1 mg ,1.1 mg ,0.7 mg ,--
KK-555,50.0,30.0,Methanol,63.0,45.0,88.0,Dehydrositagliptin (1) ,Rh(COD)2OTf ,L12 ,Salicylic acid ,--,405.3,468.3,526.51,138.12,,0.2135,0.0021,0.0021,0.005,,100.0,1.0,1.0,2.5,,86 mg ,1 mg ,1.1 mg ,0.7 mg ,--
KK-556,60.0,30.0,Methanol,42.0,5.0,72.0,Dehydrositagliptin (1) ,Rh(COD)2OTf ,L12 ,TFE ,--,405.3,468.3,526.51,100.04,,0.2135,0.0021,0.0021,0.0213,,100.0,1.0,1.0,10.0,,86 mg ,1 mg ,1.1 mg ,2 mg ,--
KK-557,60.0,30.0,Methanol,42.0,7.0,72.0,Dehydrositagliptin (1) ,Rh(COD)2OTf ,L12 ,TFE ,--,405.3,468.3,526.51,100.04,,0.2135,0.0021,0.0021,0.0213,,100.0,1.0,1.0,10.0,,86 mg ,1 mg ,1.1 mg ,2 mg ,--
KK-558,50.0,30.0,Methanol,18.0,76.0,94.0,Dehydrositagliptin (1) ,Rh(COD)2OTf ,L12 ,Salicylic acid ,--,405.3,468.3,526.51,138.12,,0.4112,0.0021,0.0021,0.4112,,200.0,1.0,1.0,200.0,,173 mg ,1 mg ,1.1 mg ,57 mg ,--
KK-559,50.0,30.0,Methanol,18.0,0.0,0.0,Dehydrositagliptin (1) ,Rh(COD)2OTf ,L12 ,Salicylic acid ,--,405.3,468.3,526.51,138.12,,2.0,0.0021,0.0021,0.4112,,1000.0,1.0,1.0,200.0,,808.6 mg ,1 mg ,1.1 mg ,57 mg ,--
KK-560,50.0,30.0,Methanol,72.0,35.0,80.0,Dehydrositagliptin (1) ,Rh(COD)2OTf ,L12 ,Salicylic acid ,--,405.3,468.3,526.51,138.12,,0.4112,0.0021,0.0021,0.005,,200.0,1.0,1.0,2.5,,173 mg ,1 mg ,1.1 mg ,0.7 mg ,--
KK-561,50.0,30.0,Methanol,72.0,0.0,0.0,Dehydrositagliptin (1) ,Rh(COD)2OTf ,L12 ,Salicylic acid ,--,405.3,468.3,526.51,138.12,,2.0,0.0021,0.0021,0.005,,1000.0,1.0,1.0,2.5,,808.6 mg ,1 mg ,1.1 mg ,0.7 mg ,--
KK-562,50.0,10.0,Methanol,18.0,81.0,94.0,Dehydrositagliptin (1) ,Rh(COD)2OTf ,L12 ,Salicylic acid ,--,405.3,468.3,526.51,138.12,,0.2135,0.0021,0.0042,0.426,,100.0,1.0,2.0,200.0,,86 mg ,1 mg ,2.2 mg ,58 mg ,--
KK-563,50.0,30.0,Methanol,3.0,98.0,94.0,Dehydrositagliptin (1) ,Rh(COD)2OTf ,L12 ,Salicylic acid ,--,405.3,468.3,526.51,138.12,,0.2135,0.0106,0.0213,0.3201,,1.0,0.005,0.01,0.15,,86 mg ,5 mg ,11 mg ,44 mg ,--
KK-564,50.0,30.0,Methanol,3.0,99.0,94.0,Dehydrositagliptin (1) ,Rh(COD)2OTf ,L12 ,Salicylic acid ,--,405.3,468.3,526.51,138.12,,0.2135,0.0106,0.0213,0.3201,,1.0,0.005,0.01,0.15,,86 mg ,5 mg ,11 mg ,44 mg ,--
KK-565,50.0,30.0,Methanol,24.0,0.0,0.0,Dehydrositagliptin (1) ,Rh(COD)2OTf ,L12 ,Salicylic acid ,--,405.3,468.3,526.51,138.12,,0.2135,0.0021,0.0042,0.63,,100.0,1.0,2.0,300.0,,86 mg ,1 mg ,2.2 mg ,87 mg ,--
KK-566,50.0,30.0,Methanol,18.0,48.0,96.0,Dehydrositagliptin (1) ,Rh(COD)2OTf ,L12 ,Salicylic acid ,--,405.3,468.3,526.51,138.12,,0.8656,0.0021,0.0021,0.8656,,1.0,0.25,0.25,1.0,,350 mg ,1 mg ,1.1 mg ,119 mg ,--
KK-567,50.0,30.0,Methanol,18.0,59.0,94.0,Dehydrositagliptin (1) ,Rh(COD)2OTf ,L12 ,Salicylic acid ,--,405.3,468.3,526.51,138.12,,0.427,0.0021,0.0021,0.2135,,200.0,1.0,1.0,100.0,,173 mg ,1 mg ,1.1 mg ,29 mg ,--
KK-568,50.0,30.0,Methanol,18.0,89.0,94.0,Dehydrositagliptin (1) ,Rh(COD)2OTf ,L12 ,Salicylic acid ,--,405.3,468.3,526.51,138.12,,0.2135,0.0021,0.0042,0.2135,,100.0,1.0,2.0,100.0,,86 mg ,1 mg ,2.2 mg ,29 mg ,--
KK-569,50.0,30.0,Methanol,18.0,92.0,95.0,Dehydrositagliptin (1) ,Rh(COD)2OTf ,L12 ,Salicylic acid ,tBu bicarbonate ,405.3,468.3,526.51,138.12,218.25,0.2135,0.0021,0.0042,0.2135,0.2135,100.0,1.0,2.0,100.0,100.0,86 mg ,1 mg ,2.2 mg ,29 mg ,46 mg 
KK-570,50.0,30.0,Methanol,18.0,85.0,95.0,Dehydrositagliptin (1) ,Rh(COD)2OTf ,L12 ,Salicylic acid ,Ethyl acetate ,405.3,468.3,526.51,138.12,88.1,0.2135,0.0021,0.0042,0.2135,0.2135,100.0,1.0,2.0,100.0,100.0,86 mg ,1 mg ,2.2 mg ,29 mg ,19 mg 
KK-571,50.0,30.0,Methanol,18.0,5.0,91.0,Dehydrositagliptin (1) ,Rh(COD)2OTf ,L12 ,tBu bicarbonate ,--,405.3,468.3,526.51,218.25,,0.2135,0.0021,0.0042,0.2135,,100.0,1.0,2.0,100.0,,86 mg ,1 mg ,2.2 mg ,46 mg ,--
KK-572,50.0,30.0,Methanol,18.0,5.0,86.0,Dehydrositagliptin (1) ,Rh(COD)2OTf ,L12 ,Ethyl acetate ,--,405.3,468.3,526.51,88.1,,0.2135,0.0021,0.0042,0.2135,,100.0,1.0,2.0,100.0,,86 mg ,1 mg ,2.2 mg ,19 mg ,--
KK-593,45.0,30.0,Methanol,4.5,96.0,96.0,Dehydrositagliptin (1) ,Rh(COD)2OTf ,L12 ,Salicylic acid ,--,405.3,468.3,526.51,138.12,,12.338,0.2473,0.2968,12.338,,1.0,0.002,0.0024,1.0,,5000 mg ,115 mg ,156 mg ,1707 mg ,--
KK-594,45.0,30.0,Methanol,4.5,32.0,98.0,Dehydrositagliptin (1) ,Rh(COD)2OTf ,L12 ,Salicylic acid ,--,405.3,468.3,526.51,138.12,,4.9468,0.2473,0.2968,4.9468,,1.0,0.005,0.006,1.0,,2000 mg ,115 mg ,156 mg ,683 mg ,--
